<?xml version="1.0"?>
<kml xmlns="http://earth.google.com/kml/2.1">
  <Document>
    <name>Silk Roads : Places and Routes - Digital Silk Road Project</name>
    <open>0</open>
    <Folder>
      <name>Places</name>
      <Folder>
        <name>&#x30E2;&#x30F3;&#x30B4;&#x30EB;</name>
        <Placemark>
          <name>issykkul</name>
          <visibility>1</visibility>
          <Point>
            <coordinates>77.173182999999995,42.417527999999997,0</coordinates>
          </Point>
          <description>
<![CDATA[
<hr/><h2>Geographic Coordinates</h2><dl><dt>Latitude : 42.417527999999997</dt><dt>Longitude : 77.173182999999995</dt></dl><h2>List of Placenames</h2><table border="1"><tr><th>issykkul</th><td><a href="http://dsr.nii.ac.jp/cgi-bin/toyobunko/geta_search.pl?sn=all&lang=en&input=issykkul">Search at Toyo Bunko Archive</a></td></tr><tr><th>イシック・クル</th><td><a href="http://dsr.nii.ac.jp/cgi-bin/toyobunko/geta_search.pl?sn=all&lang=en&input=%E3%82%A4%E3%82%B7%E3%83%83%E3%82%AF%E3%83%BB%E3%82%AF%E3%83%AB">Search at Toyo Bunko Archive</a></td></tr></table>]]>
</description>
        </Placemark>
        <Placemark>
          <name>almaty</name>
          <visibility>1</visibility>
          <Point>
            <coordinates>76.873386999999994,43.285814000000002,0</coordinates>
          </Point>
          <description>
<![CDATA[
<hr/><h2>Geographic Coordinates</h2><dl><dt>Latitude : 43.285814000000002</dt><dt>Longitude : 76.873386999999994</dt></dl><h2>List of Placenames</h2><table border="1"><tr><th>almaty</th><td><a href="http://dsr.nii.ac.jp/cgi-bin/toyobunko/geta_search.pl?sn=all&lang=en&input=almaty">Search at Toyo Bunko Archive</a></td></tr><tr><th>アルマトイ</th><td><a href="http://dsr.nii.ac.jp/cgi-bin/toyobunko/geta_search.pl?sn=all&lang=en&input=%E3%82%A2%E3%83%AB%E3%83%9E%E3%83%88%E3%82%A4">Search at Toyo Bunko Archive</a></td></tr><tr><th>almaata</th><td><a href="http://dsr.nii.ac.jp/cgi-bin/toyobunko/geta_search.pl?sn=all&lang=en&input=almaata">Search at Toyo Bunko Archive</a></td></tr><tr><th>アルマアタ</th><td><a href="http://dsr.nii.ac.jp/cgi-bin/toyobunko/geta_search.pl?sn=all&lang=en&input=%E3%82%A2%E3%83%AB%E3%83%9E%E3%82%A2%E3%82%BF">Search at Toyo Bunko Archive</a></td></tr></table>]]>
</description>
        </Placemark>
        <Placemark>
          <name>lake balkhash</name>
          <visibility>1</visibility>
          <Point>
            <coordinates>74.841586000000007,46.602421,0</coordinates>
          </Point>
          <description>
<![CDATA[
<hr/><h2>Geographic Coordinates</h2><dl><dt>Latitude : 46.602421</dt><dt>Longitude : 74.841586000000007</dt></dl><h2>List of Placenames</h2><table border="1"><tr><th>lake balkhash</th><td><a href="http://dsr.nii.ac.jp/cgi-bin/toyobunko/geta_search.pl?sn=all&lang=en&input=lake%20balkhash">Search at Toyo Bunko Archive</a></td></tr><tr><th>バルハシ湖</th><td><a href="http://dsr.nii.ac.jp/cgi-bin/toyobunko/geta_search.pl?sn=all&lang=en&input=%E3%83%90%E3%83%AB%E3%83%8F%E3%82%B7%E6%B9%96">Search at Toyo Bunko Archive</a></td></tr></table>]]>
</description>
        </Placemark>
      </Folder>
      <Folder>
        <name>&#x30E8;&#x30FC;&#x30ED;&#x30C3;&#x30D1;&#x30FB;&#x30A2;&#x30D5;&#x30EA;&#x30AB;&#x5730;&#x540D;</name>
        <Placemark>
          <name>makkah</name>
          <visibility>1</visibility>
          <Point>
            <coordinates>39.815832999999998,21.428787,0</coordinates>
          </Point>
          <description>
<![CDATA[
<hr/><h2>Geographic Coordinates</h2><dl><dt>Latitude : 21.428787</dt><dt>Longitude : 39.815832999999998</dt></dl><h2>List of Placenames</h2><table border="1"><tr><th>makkah</th><td><a href="http://dsr.nii.ac.jp/cgi-bin/toyobunko/geta_search.pl?sn=all&lang=en&input=makkah">Search at Toyo Bunko Archive</a></td></tr><tr><th>メッカ</th><td><a href="http://dsr.nii.ac.jp/cgi-bin/toyobunko/geta_search.pl?sn=all&lang=en&input=%E3%83%A1%E3%83%83%E3%82%AB">Search at Toyo Bunko Archive</a></td></tr><tr><th>mecca</th><td><a href="http://dsr.nii.ac.jp/cgi-bin/toyobunko/geta_search.pl?sn=all&lang=en&input=mecca">Search at Toyo Bunko Archive</a></td></tr></table>]]>
</description>
        </Placemark>
        <Placemark>
          <name>alexandria</name>
          <visibility>1</visibility>
          <Point>
            <coordinates>29.957452,31.228515999999999,0</coordinates>
          </Point>
          <description>
<![CDATA[
<hr/><h2>Geographic Coordinates</h2><dl><dt>Latitude : 31.228515999999999</dt><dt>Longitude : 29.957452</dt></dl><h2>List of Placenames</h2><table border="1"><tr><th>alexandria</th><td><a href="http://dsr.nii.ac.jp/cgi-bin/toyobunko/geta_search.pl?sn=all&lang=en&input=alexandria">Search at Toyo Bunko Archive</a></td></tr><tr><th>アレクサンドリア</th><td><a href="http://dsr.nii.ac.jp/cgi-bin/toyobunko/geta_search.pl?sn=all&lang=en&input=%E3%82%A2%E3%83%AC%E3%82%AF%E3%82%B5%E3%83%B3%E3%83%89%E3%83%AA%E3%82%A2">Search at Toyo Bunko Archive</a></td></tr><tr><th>alessandria</th><td><a href="http://dsr.nii.ac.jp/cgi-bin/toyobunko/geta_search.pl?sn=all&lang=en&input=alessandria">Search at Toyo Bunko Archive</a></td></tr></table>]]>
</description>
        </Placemark>
        <Placemark>
          <name>masqat</name>
          <visibility>1</visibility>
          <Point>
            <coordinates>58.595098999999998,23.614156000000001,0</coordinates>
          </Point>
          <description>
<![CDATA[
<hr/><h2>Geographic Coordinates</h2><dl><dt>Latitude : 23.614156000000001</dt><dt>Longitude : 58.595098999999998</dt></dl><h2>List of Placenames</h2><table border="1"><tr><th>masqat</th><td><a href="http://dsr.nii.ac.jp/cgi-bin/toyobunko/geta_search.pl?sn=all&lang=en&input=masqat">Search at Toyo Bunko Archive</a></td></tr><tr><th>マスカット</th><td><a href="http://dsr.nii.ac.jp/cgi-bin/toyobunko/geta_search.pl?sn=all&lang=en&input=%E3%83%9E%E3%82%B9%E3%82%AB%E3%83%83%E3%83%88">Search at Toyo Bunko Archive</a></td></tr><tr><th>maskat</th><td><a href="http://dsr.nii.ac.jp/cgi-bin/toyobunko/geta_search.pl?sn=all&lang=en&input=maskat">Search at Toyo Bunko Archive</a></td></tr></table>]]>
</description>
        </Placemark>
        <Placemark>
          <name>aden</name>
          <visibility>1</visibility>
          <Point>
            <coordinates>45.056610999999997,12.772734,0</coordinates>
          </Point>
          <description>
<![CDATA[
<hr/><h2>Geographic Coordinates</h2><dl><dt>Latitude : 12.772734</dt><dt>Longitude : 45.056610999999997</dt></dl><h2>List of Placenames</h2><table border="1"><tr><th>aden</th><td><a href="http://dsr.nii.ac.jp/cgi-bin/toyobunko/geta_search.pl?sn=all&lang=en&input=aden">Search at Toyo Bunko Archive</a></td></tr><tr><th>アデン</th><td><a href="http://dsr.nii.ac.jp/cgi-bin/toyobunko/geta_search.pl?sn=all&lang=en&input=%E3%82%A2%E3%83%87%E3%83%B3">Search at Toyo Bunko Archive</a></td></tr><tr><th>'adan</th><td><a href="http://dsr.nii.ac.jp/cgi-bin/toyobunko/geta_search.pl?sn=all&lang=en&input='adan">Search at Toyo Bunko Archive</a></td></tr></table>]]>
</description>
        </Placemark>
        <Placemark>
          <name>medina</name>
          <visibility>1</visibility>
          <Point>
            <coordinates>39.610880999999999,24.469456000000001,0</coordinates>
          </Point>
          <description>
<![CDATA[
<hr/><h2>Geographic Coordinates</h2><dl><dt>Latitude : 24.469456000000001</dt><dt>Longitude : 39.610880999999999</dt></dl><h2>List of Placenames</h2><table border="1"><tr><th>medina</th><td><a href="http://dsr.nii.ac.jp/cgi-bin/toyobunko/geta_search.pl?sn=all&lang=en&input=medina">Search at Toyo Bunko Archive</a></td></tr><tr><th>メディナ</th><td><a href="http://dsr.nii.ac.jp/cgi-bin/toyobunko/geta_search.pl?sn=all&lang=en&input=%E3%83%A1%E3%83%87%E3%82%A3%E3%83%8A">Search at Toyo Bunko Archive</a></td></tr><tr><th>al medinah</th><td><a href="http://dsr.nii.ac.jp/cgi-bin/toyobunko/geta_search.pl?sn=all&lang=en&input=al%20medinah">Search at Toyo Bunko Archive</a></td></tr></table>]]>
</description>
        </Placemark>
        <Placemark>
          <name>suez canal</name>
          <visibility>1</visibility>
          <Point>
            <coordinates>32.550871000000001,29.966190000000001,0</coordinates>
          </Point>
          <description>
<![CDATA[
<hr/><h2>Geographic Coordinates</h2><dl><dt>Latitude : 29.966190000000001</dt><dt>Longitude : 32.550871000000001</dt></dl><h2>List of Placenames</h2><table border="1"><tr><th>suez canal</th><td><a href="http://dsr.nii.ac.jp/cgi-bin/toyobunko/geta_search.pl?sn=all&lang=en&input=suez%20canal">Search at Toyo Bunko Archive</a></td></tr><tr><th>スエズ</th><td><a href="http://dsr.nii.ac.jp/cgi-bin/toyobunko/geta_search.pl?sn=all&lang=en&input=%E3%82%B9%E3%82%A8%E3%82%BA">Search at Toyo Bunko Archive</a></td></tr></table>]]>
</description>
        </Placemark>
        <Placemark>
          <name>cairo</name>
          <visibility>1</visibility>
          <Point>
            <coordinates>31.226275999999999,30.044519999999999,0</coordinates>
          </Point>
          <description>
<![CDATA[
<hr/><h2>Geographic Coordinates</h2><dl><dt>Latitude : 30.044519999999999</dt><dt>Longitude : 31.226275999999999</dt></dl><h2>List of Placenames</h2><table border="1"><tr><th>cairo</th><td><a href="http://dsr.nii.ac.jp/cgi-bin/toyobunko/geta_search.pl?sn=all&lang=en&input=cairo">Search at Toyo Bunko Archive</a></td></tr><tr><th>カイロ</th><td><a href="http://dsr.nii.ac.jp/cgi-bin/toyobunko/geta_search.pl?sn=all&lang=en&input=%E3%82%AB%E3%82%A4%E3%83%AD">Search at Toyo Bunko Archive</a></td></tr><tr><th>kairo</th><td><a href="http://dsr.nii.ac.jp/cgi-bin/toyobunko/geta_search.pl?sn=all&lang=en&input=kairo">Search at Toyo Bunko Archive</a></td></tr></table>]]>
</description>
        </Placemark>
        <Placemark>
          <name>roma</name>
          <visibility>1</visibility>
          <Point>
            <coordinates>12.496231,41.894159000000002,0</coordinates>
          </Point>
          <description>
<![CDATA[
<hr/><h2>Geographic Coordinates</h2><dl><dt>Latitude : 41.894159000000002</dt><dt>Longitude : 12.496231</dt></dl><h2>List of Placenames</h2><table border="1"><tr><th>roma</th><td><a href="http://dsr.nii.ac.jp/cgi-bin/toyobunko/geta_search.pl?sn=all&lang=en&input=roma">Search at Toyo Bunko Archive</a></td></tr><tr><th>ローマ</th><td><a href="http://dsr.nii.ac.jp/cgi-bin/toyobunko/geta_search.pl?sn=all&lang=en&input=%E3%83%AD%E3%83%BC%E3%83%9E">Search at Toyo Bunko Archive</a></td></tr><tr><th>rom</th><td><a href="http://dsr.nii.ac.jp/cgi-bin/toyobunko/geta_search.pl?sn=all&lang=en&input=rom">Search at Toyo Bunko Archive</a></td></tr></table>]]>
</description>
        </Placemark>
        <Placemark>
          <name>venezia</name>
          <visibility>1</visibility>
          <Point>
            <coordinates>12.334234,45.433861999999998,0</coordinates>
          </Point>
          <description>
<![CDATA[
<hr/><h2>Geographic Coordinates</h2><dl><dt>Latitude : 45.433861999999998</dt><dt>Longitude : 12.334234</dt></dl><h2>List of Placenames</h2><table border="1"><tr><th>venezia</th><td><a href="http://dsr.nii.ac.jp/cgi-bin/toyobunko/geta_search.pl?sn=all&lang=en&input=venezia">Search at Toyo Bunko Archive</a></td></tr><tr><th>ヴェネツィア</th><td><a href="http://dsr.nii.ac.jp/cgi-bin/toyobunko/geta_search.pl?sn=all&lang=en&input=%E3%83%B4%E3%82%A7%E3%83%8D%E3%83%84%E3%82%A3%E3%82%A2">Search at Toyo Bunko Archive</a></td></tr><tr><th>venice</th><td><a href="http://dsr.nii.ac.jp/cgi-bin/toyobunko/geta_search.pl?sn=all&lang=en&input=venice">Search at Toyo Bunko Archive</a></td></tr></table>]]>
</description>
        </Placemark>
        <Placemark>
          <name>astrakhan</name>
          <visibility>1</visibility>
          <Point>
            <coordinates>48.092931,46.353000999999999,0</coordinates>
          </Point>
          <description>
<![CDATA[
<hr/><h2>Geographic Coordinates</h2><dl><dt>Latitude : 46.353000999999999</dt><dt>Longitude : 48.092931</dt></dl><h2>List of Placenames</h2><table border="1"><tr><th>astrakhan</th><td><a href="http://dsr.nii.ac.jp/cgi-bin/toyobunko/geta_search.pl?sn=all&lang=en&input=astrakhan">Search at Toyo Bunko Archive</a></td></tr><tr><th>アストラハン</th><td><a href="http://dsr.nii.ac.jp/cgi-bin/toyobunko/geta_search.pl?sn=all&lang=en&input=%E3%82%A2%E3%82%B9%E3%83%88%E3%83%A9%E3%83%8F%E3%83%B3">Search at Toyo Bunko Archive</a></td></tr></table>]]>
</description>
        </Placemark>
        <Placemark>
          <name>kyiv</name>
          <visibility>1</visibility>
          <Point>
            <coordinates>30.916553,50.303292999999996,0</coordinates>
          </Point>
          <description>
<![CDATA[
<hr/><h2>Geographic Coordinates</h2><dl><dt>Latitude : 50.303292999999996</dt><dt>Longitude : 30.916553</dt></dl><h2>List of Placenames</h2><table border="1"><tr><th>kyiv</th><td><a href="http://dsr.nii.ac.jp/cgi-bin/toyobunko/geta_search.pl?sn=all&lang=en&input=kyiv">Search at Toyo Bunko Archive</a></td></tr><tr><th>キエフ</th><td><a href="http://dsr.nii.ac.jp/cgi-bin/toyobunko/geta_search.pl?sn=all&lang=en&input=%E3%82%AD%E3%82%A8%E3%83%95">Search at Toyo Bunko Archive</a></td></tr><tr><th>kiew</th><td><a href="http://dsr.nii.ac.jp/cgi-bin/toyobunko/geta_search.pl?sn=all&lang=en&input=kiew">Search at Toyo Bunko Archive</a></td></tr></table>]]>
</description>
        </Placemark>
      </Folder>
      <Folder>
        <name>&#x30A4;&#x30F3;&#x30C9;&#x5730;&#x540D;</name>
        <Placemark>
          <name>takht bhai</name>
          <visibility>1</visibility>
          <Point>
            <coordinates>71.560261999999994,34.189698999999997,0</coordinates>
          </Point>
          <description>
<![CDATA[
<hr/><h2>Geographic Coordinates</h2><dl><dt>Latitude : 34.189698999999997</dt><dt>Longitude : 71.560261999999994</dt></dl><h2>List of Placenames</h2><table border="1"><tr><th>takht bhai</th><td><a href="http://dsr.nii.ac.jp/cgi-bin/toyobunko/geta_search.pl?sn=all&lang=en&input=takht%20bhai">Search at Toyo Bunko Archive</a></td></tr><tr><th>タフティ・バイ</th><td><a href="http://dsr.nii.ac.jp/cgi-bin/toyobunko/geta_search.pl?sn=all&lang=en&input=%E3%82%BF%E3%83%95%E3%83%86%E3%82%A3%E3%83%BB%E3%83%90%E3%82%A4">Search at Toyo Bunko Archive</a></td></tr></table>]]>
</description>
        </Placemark>
        <Placemark>
          <name>bamiyan</name>
          <visibility>1</visibility>
          <Point>
            <coordinates>67.829192000000006,34.830418000000002,0</coordinates>
          </Point>
          <description>
<![CDATA[
<hr/><h2>Geographic Coordinates</h2><dl><dt>Latitude : 34.830418000000002</dt><dt>Longitude : 67.829192000000006</dt></dl><h2>List of Placenames</h2><table border="1"><tr><th>bamiyan</th><td><a href="http://dsr.nii.ac.jp/cgi-bin/toyobunko/geta_search.pl?sn=all&lang=en&input=bamiyan">Search at Toyo Bunko Archive</a></td></tr><tr><th>バーミヤン</th><td><a href="http://dsr.nii.ac.jp/cgi-bin/toyobunko/geta_search.pl?sn=all&lang=en&input=%E3%83%90%E3%83%BC%E3%83%9F%E3%83%A4%E3%83%B3">Search at Toyo Bunko Archive</a></td></tr></table>]]>
</description>
        </Placemark>
        <Placemark>
          <name>mumbai</name>
          <visibility>1</visibility>
          <Point>
            <coordinates>72.864598000000001,19.006094999999998,0</coordinates>
          </Point>
          <description>
<![CDATA[
<hr/><h2>Geographic Coordinates</h2><dl><dt>Latitude : 19.006094999999998</dt><dt>Longitude : 72.864598000000001</dt></dl><h2>List of Placenames</h2><table border="1"><tr><th>mumbai</th><td><a href="http://dsr.nii.ac.jp/cgi-bin/toyobunko/geta_search.pl?sn=all&lang=en&input=mumbai">Search at Toyo Bunko Archive</a></td></tr><tr><th>ムンバイ</th><td><a href="http://dsr.nii.ac.jp/cgi-bin/toyobunko/geta_search.pl?sn=all&lang=en&input=%E3%83%A0%E3%83%B3%E3%83%90%E3%82%A4">Search at Toyo Bunko Archive</a></td></tr></table>]]>
</description>
        </Placemark>
        <Placemark>
          <name>kolkata</name>
          <visibility>1</visibility>
          <Point>
            <coordinates>88.436335999999997,22.549952999999999,0</coordinates>
          </Point>
          <description>
<![CDATA[
<hr/><h2>Geographic Coordinates</h2><dl><dt>Latitude : 22.549952999999999</dt><dt>Longitude : 88.436335999999997</dt></dl><h2>List of Placenames</h2><table border="1"><tr><th>kolkata</th><td><a href="http://dsr.nii.ac.jp/cgi-bin/toyobunko/geta_search.pl?sn=all&lang=en&input=kolkata">Search at Toyo Bunko Archive</a></td></tr><tr><th>カルカッタ</th><td><a href="http://dsr.nii.ac.jp/cgi-bin/toyobunko/geta_search.pl?sn=all&lang=en&input=%E3%82%AB%E3%83%AB%E3%82%AB%E3%83%83%E3%82%BF">Search at Toyo Bunko Archive</a></td></tr></table>]]>
</description>
        </Placemark>
        <Placemark>
          <name>kabol</name>
          <visibility>1</visibility>
          <Point>
            <coordinates>69.174933999999993,34.537367000000003,0</coordinates>
          </Point>
          <description>
<![CDATA[
<hr/><h2>Geographic Coordinates</h2><dl><dt>Latitude : 34.537367000000003</dt><dt>Longitude : 69.174933999999993</dt></dl><h2>List of Placenames</h2><table border="1"><tr><th>kabol</th><td><a href="http://dsr.nii.ac.jp/cgi-bin/toyobunko/geta_search.pl?sn=all&lang=en&input=kabol">Search at Toyo Bunko Archive</a></td></tr><tr><th>カーブル</th><td><a href="http://dsr.nii.ac.jp/cgi-bin/toyobunko/geta_search.pl?sn=all&lang=en&input=%E3%82%AB%E3%83%BC%E3%83%96%E3%83%AB">Search at Toyo Bunko Archive</a></td></tr><tr><th>kabul</th><td><a href="http://dsr.nii.ac.jp/cgi-bin/toyobunko/geta_search.pl?sn=all&lang=en&input=kabul">Search at Toyo Bunko Archive</a></td></tr></table>]]>
</description>
        </Placemark>
        <Placemark>
          <name>lahore</name>
          <visibility>1</visibility>
          <Point>
            <coordinates>74.341903000000002,31.532682000000001,0</coordinates>
          </Point>
          <description>
<![CDATA[
<hr/><h2>Geographic Coordinates</h2><dl><dt>Latitude : 31.532682000000001</dt><dt>Longitude : 74.341903000000002</dt></dl><h2>List of Placenames</h2><table border="1"><tr><th>lahore</th><td><a href="http://dsr.nii.ac.jp/cgi-bin/toyobunko/geta_search.pl?sn=all&lang=en&input=lahore">Search at Toyo Bunko Archive</a></td></tr><tr><th>ラホール</th><td><a href="http://dsr.nii.ac.jp/cgi-bin/toyobunko/geta_search.pl?sn=all&lang=en&input=%E3%83%A9%E3%83%9B%E3%83%BC%E3%83%AB">Search at Toyo Bunko Archive</a></td></tr></table>]]>
</description>
        </Placemark>
        <Placemark>
          <name>balkh</name>
          <visibility>1</visibility>
          <Point>
            <coordinates>66.898050999999995,36.757691000000001,0</coordinates>
          </Point>
          <description>
<![CDATA[
<hr/><h2>Geographic Coordinates</h2><dl><dt>Latitude : 36.757691000000001</dt><dt>Longitude : 66.898050999999995</dt></dl><h2>List of Placenames</h2><table border="1"><tr><th>balkh</th><td><a href="http://dsr.nii.ac.jp/cgi-bin/toyobunko/geta_search.pl?sn=all&lang=en&input=balkh">Search at Toyo Bunko Archive</a></td></tr><tr><th>バルフ</th><td><a href="http://dsr.nii.ac.jp/cgi-bin/toyobunko/geta_search.pl?sn=all&lang=en&input=%E3%83%90%E3%83%AB%E3%83%95">Search at Toyo Bunko Archive</a></td></tr></table>]]>
</description>
        </Placemark>
        <Placemark>
          <name>patna</name>
          <visibility>1</visibility>
          <Point>
            <coordinates>85.155169999999998,25.608074999999999,0</coordinates>
          </Point>
          <description>
<![CDATA[
<hr/><h2>Geographic Coordinates</h2><dl><dt>Latitude : 25.608074999999999</dt><dt>Longitude : 85.155169999999998</dt></dl><h2>List of Placenames</h2><table border="1"><tr><th>patna</th><td><a href="http://dsr.nii.ac.jp/cgi-bin/toyobunko/geta_search.pl?sn=all&lang=en&input=patna">Search at Toyo Bunko Archive</a></td></tr><tr><th>パトナ</th><td><a href="http://dsr.nii.ac.jp/cgi-bin/toyobunko/geta_search.pl?sn=all&lang=en&input=%E3%83%91%E3%83%88%E3%83%8A">Search at Toyo Bunko Archive</a></td></tr><tr><th>パータリプトラ</th><td><a href="http://dsr.nii.ac.jp/cgi-bin/toyobunko/geta_search.pl?sn=all&lang=en&input=%E3%83%91%E3%83%BC%E3%82%BF%E3%83%AA%E3%83%97%E3%83%88%E3%83%A9">Search at Toyo Bunko Archive</a></td></tr></table>]]>
</description>
        </Placemark>
        <Placemark>
          <name>taxila</name>
          <visibility>1</visibility>
          <Point>
            <coordinates>72.887339999999995,33.779107000000003,0</coordinates>
          </Point>
          <description>
<![CDATA[
<hr/><h2>Geographic Coordinates</h2><dl><dt>Latitude : 33.779107000000003</dt><dt>Longitude : 72.887339999999995</dt></dl><h2>List of Placenames</h2><table border="1"><tr><th>taxila</th><td><a href="http://dsr.nii.ac.jp/cgi-bin/toyobunko/geta_search.pl?sn=all&lang=en&input=taxila">Search at Toyo Bunko Archive</a></td></tr><tr><th>タキシラ</th><td><a href="http://dsr.nii.ac.jp/cgi-bin/toyobunko/geta_search.pl?sn=all&lang=en&input=%E3%82%BF%E3%82%AD%E3%82%B7%E3%83%A9">Search at Toyo Bunko Archive</a></td></tr></table>]]>
</description>
        </Placemark>
        <Placemark>
          <name>kathmandu</name>
          <visibility>1</visibility>
          <Point>
            <coordinates>85.296616999999998,27.700990000000001,0</coordinates>
          </Point>
          <description>
<![CDATA[
<hr/><h2>Geographic Coordinates</h2><dl><dt>Latitude : 27.700990000000001</dt><dt>Longitude : 85.296616999999998</dt></dl><h2>List of Placenames</h2><table border="1"><tr><th>kathmandu</th><td><a href="http://dsr.nii.ac.jp/cgi-bin/toyobunko/geta_search.pl?sn=all&lang=en&input=kathmandu">Search at Toyo Bunko Archive</a></td></tr><tr><th>カトマンズ</th><td><a href="http://dsr.nii.ac.jp/cgi-bin/toyobunko/geta_search.pl?sn=all&lang=en&input=%E3%82%AB%E3%83%88%E3%83%9E%E3%83%B3%E3%82%BA">Search at Toyo Bunko Archive</a></td></tr></table>]]>
</description>
        </Placemark>
        <Placemark>
          <name>kandahar</name>
          <visibility>1</visibility>
          <Point>
            <coordinates>65.707274999999996,31.608543999999998,0</coordinates>
          </Point>
          <description>
<![CDATA[
<hr/><h2>Geographic Coordinates</h2><dl><dt>Latitude : 31.608543999999998</dt><dt>Longitude : 65.707274999999996</dt></dl><h2>List of Placenames</h2><table border="1"><tr><th>kandahar</th><td><a href="http://dsr.nii.ac.jp/cgi-bin/toyobunko/geta_search.pl?sn=all&lang=en&input=kandahar">Search at Toyo Bunko Archive</a></td></tr><tr><th>カンダハル</th><td><a href="http://dsr.nii.ac.jp/cgi-bin/toyobunko/geta_search.pl?sn=all&lang=en&input=%E3%82%AB%E3%83%B3%E3%83%80%E3%83%8F%E3%83%AB">Search at Toyo Bunko Archive</a></td></tr></table>]]>
</description>
        </Placemark>
        <Placemark>
          <name>moenjodaro</name>
          <visibility>1</visibility>
          <Point>
            <coordinates>68.137590000000003,27.326442,0</coordinates>
          </Point>
          <description>
<![CDATA[
<hr/><h2>Geographic Coordinates</h2><dl><dt>Latitude : 27.326442</dt><dt>Longitude : 68.137590000000003</dt></dl><h2>List of Placenames</h2><table border="1"><tr><th>moenjodaro</th><td><a href="http://dsr.nii.ac.jp/cgi-bin/toyobunko/geta_search.pl?sn=all&lang=en&input=moenjodaro">Search at Toyo Bunko Archive</a></td></tr><tr><th>モヘンジョダロ</th><td><a href="http://dsr.nii.ac.jp/cgi-bin/toyobunko/geta_search.pl?sn=all&lang=en&input=%E3%83%A2%E3%83%98%E3%83%B3%E3%82%B8%E3%83%A7%E3%83%80%E3%83%AD">Search at Toyo Bunko Archive</a></td></tr></table>]]>
</description>
        </Placemark>
      </Folder>
      <Folder>
        <name>&#x897F;&#x30A2;&#x30B8;&#x30A2;&#x5730;&#x540D;</name>
        <Placemark>
          <name>casipian sea</name>
          <visibility>1</visibility>
          <Point>
            <coordinates>50.773153999999998,41.184984,0</coordinates>
          </Point>
          <description>
<![CDATA[
<hr/><h2>Geographic Coordinates</h2><dl><dt>Latitude : 41.184984</dt><dt>Longitude : 50.773153999999998</dt></dl><h2>List of Placenames</h2><table border="1"><tr><th>casipian sea</th><td><a href="http://dsr.nii.ac.jp/cgi-bin/toyobunko/geta_search.pl?sn=all&lang=en&input=casipian%20sea">Search at Toyo Bunko Archive</a></td></tr><tr><th>カスピ海</th><td><a href="http://dsr.nii.ac.jp/cgi-bin/toyobunko/geta_search.pl?sn=all&lang=en&input=%E3%82%AB%E3%82%B9%E3%83%94%E6%B5%B7">Search at Toyo Bunko Archive</a></td></tr></table>]]>
</description>
        </Placemark>
        <Placemark>
          <name>aral sea</name>
          <visibility>1</visibility>
          <Point>
            <coordinates>59.742019999999997,45.101821999999999,0</coordinates>
          </Point>
          <description>
<![CDATA[
<hr/><h2>Geographic Coordinates</h2><dl><dt>Latitude : 45.101821999999999</dt><dt>Longitude : 59.742019999999997</dt></dl><h2>List of Placenames</h2><table border="1"><tr><th>aral sea</th><td><a href="http://dsr.nii.ac.jp/cgi-bin/toyobunko/geta_search.pl?sn=all&lang=en&input=aral%20sea">Search at Toyo Bunko Archive</a></td></tr><tr><th>アラル海</th><td><a href="http://dsr.nii.ac.jp/cgi-bin/toyobunko/geta_search.pl?sn=all&lang=en&input=%E3%82%A2%E3%83%A9%E3%83%AB%E6%B5%B7">Search at Toyo Bunko Archive</a></td></tr></table>]]>
</description>
        </Placemark>
        <Placemark>
          <name>esfahan</name>
          <visibility>1</visibility>
          <Point>
            <coordinates>51.677534000000001,32.657604999999997,0</coordinates>
          </Point>
          <description>
<![CDATA[
<hr/><h2>Geographic Coordinates</h2><dl><dt>Latitude : 32.657604999999997</dt><dt>Longitude : 51.677534000000001</dt></dl><h2>List of Placenames</h2><table border="1"><tr><th>esfahan</th><td><a href="http://dsr.nii.ac.jp/cgi-bin/toyobunko/geta_search.pl?sn=all&lang=en&input=esfahan">Search at Toyo Bunko Archive</a></td></tr><tr><th>イスファハン</th><td><a href="http://dsr.nii.ac.jp/cgi-bin/toyobunko/geta_search.pl?sn=all&lang=en&input=%E3%82%A4%E3%82%B9%E3%83%95%E3%82%A1%E3%83%8F%E3%83%B3">Search at Toyo Bunko Archive</a></td></tr></table>]]>
</description>
        </Placemark>
        <Placemark>
          <name>baghdad</name>
          <visibility>1</visibility>
          <Point>
            <coordinates>44.408268999999997,33.324230999999997,0</coordinates>
          </Point>
          <description>
<![CDATA[
<hr/><h2>Geographic Coordinates</h2><dl><dt>Latitude : 33.324230999999997</dt><dt>Longitude : 44.408268999999997</dt></dl><h2>List of Placenames</h2><table border="1"><tr><th>baghdad</th><td><a href="http://dsr.nii.ac.jp/cgi-bin/toyobunko/geta_search.pl?sn=all&lang=en&input=baghdad">Search at Toyo Bunko Archive</a></td></tr><tr><th>バグダッド</th><td><a href="http://dsr.nii.ac.jp/cgi-bin/toyobunko/geta_search.pl?sn=all&lang=en&input=%E3%83%90%E3%82%B0%E3%83%80%E3%83%83%E3%83%89">Search at Toyo Bunko Archive</a></td></tr><tr><th>bagdade</th><td><a href="http://dsr.nii.ac.jp/cgi-bin/toyobunko/geta_search.pl?sn=all&lang=en&input=bagdade">Search at Toyo Bunko Archive</a></td></tr></table>]]>
</description>
        </Placemark>
        <Placemark>
          <name>toshkent</name>
          <visibility>1</visibility>
          <Point>
            <coordinates>69.268456,41.313727999999998,0</coordinates>
          </Point>
          <description>
<![CDATA[
<hr/><h2>Geographic Coordinates</h2><dl><dt>Latitude : 41.313727999999998</dt><dt>Longitude : 69.268456</dt></dl><h2>List of Placenames</h2><table border="1"><tr><th>toshkent</th><td><a href="http://dsr.nii.ac.jp/cgi-bin/toyobunko/geta_search.pl?sn=all&lang=en&input=toshkent">Search at Toyo Bunko Archive</a></td></tr><tr><th>タシュケント</th><td><a href="http://dsr.nii.ac.jp/cgi-bin/toyobunko/geta_search.pl?sn=all&lang=en&input=%E3%82%BF%E3%82%B7%E3%83%A5%E3%82%B1%E3%83%B3%E3%83%88">Search at Toyo Bunko Archive</a></td></tr><tr><th>tashkent</th><td><a href="http://dsr.nii.ac.jp/cgi-bin/toyobunko/geta_search.pl?sn=all&lang=en&input=tashkent">Search at Toyo Bunko Archive</a></td></tr></table>]]>
</description>
        </Placemark>
        <Placemark>
          <name>samarkand</name>
          <visibility>1</visibility>
          <Point>
            <coordinates>66.954295000000002,39.659954999999997,0</coordinates>
          </Point>
          <description>
<![CDATA[
<hr/><h2>Geographic Coordinates</h2><dl><dt>Latitude : 39.659954999999997</dt><dt>Longitude : 66.954295000000002</dt></dl><h2>List of Placenames</h2><table border="1"><tr><th>samarkand</th><td><a href="http://dsr.nii.ac.jp/cgi-bin/toyobunko/geta_search.pl?sn=all&lang=en&input=samarkand">Search at Toyo Bunko Archive</a></td></tr><tr><th>サマルカンド</th><td><a href="http://dsr.nii.ac.jp/cgi-bin/toyobunko/geta_search.pl?sn=all&lang=en&input=%E3%82%B5%E3%83%9E%E3%83%AB%E3%82%AB%E3%83%B3%E3%83%89">Search at Toyo Bunko Archive</a></td></tr><tr><th>samarqand</th><td><a href="http://dsr.nii.ac.jp/cgi-bin/toyobunko/geta_search.pl?sn=all&lang=en&input=samarqand">Search at Toyo Bunko Archive</a></td></tr></table>]]>
</description>
        </Placemark>
        <Placemark>
          <name>al basrah</name>
          <visibility>1</visibility>
          <Point>
            <coordinates>47.824559999999998,30.516406,0</coordinates>
          </Point>
          <description>
<![CDATA[
<hr/><h2>Geographic Coordinates</h2><dl><dt>Latitude : 30.516406</dt><dt>Longitude : 47.824559999999998</dt></dl><h2>List of Placenames</h2><table border="1"><tr><th>al basrah</th><td><a href="http://dsr.nii.ac.jp/cgi-bin/toyobunko/geta_search.pl?sn=all&lang=en&input=al%20basrah">Search at Toyo Bunko Archive</a></td></tr><tr><th>バスラ</th><td><a href="http://dsr.nii.ac.jp/cgi-bin/toyobunko/geta_search.pl?sn=all&lang=en&input=%E3%83%90%E3%82%B9%E3%83%A9">Search at Toyo Bunko Archive</a></td></tr></table>]]>
</description>
        </Placemark>
        <Placemark>
          <name>bukhara</name>
          <visibility>1</visibility>
          <Point>
            <coordinates>64.417237999999998,39.770744999999998,0</coordinates>
          </Point>
          <description>
<![CDATA[
<hr/><h2>Geographic Coordinates</h2><dl><dt>Latitude : 39.770744999999998</dt><dt>Longitude : 64.417237999999998</dt></dl><h2>List of Placenames</h2><table border="1"><tr><th>bukhara</th><td><a href="http://dsr.nii.ac.jp/cgi-bin/toyobunko/geta_search.pl?sn=all&lang=en&input=bukhara">Search at Toyo Bunko Archive</a></td></tr><tr><th>ブハラ</th><td><a href="http://dsr.nii.ac.jp/cgi-bin/toyobunko/geta_search.pl?sn=all&lang=en&input=%E3%83%96%E3%83%8F%E3%83%A9">Search at Toyo Bunko Archive</a></td></tr></table>]]>
</description>
        </Placemark>
        <Placemark>
          <name>khiva</name>
          <visibility>1</visibility>
          <Point>
            <coordinates>60.359411000000001,41.377861000000003,0</coordinates>
          </Point>
          <description>
<![CDATA[
<hr/><h2>Geographic Coordinates</h2><dl><dt>Latitude : 41.377861000000003</dt><dt>Longitude : 60.359411000000001</dt></dl><h2>List of Placenames</h2><table border="1"><tr><th>khiva</th><td><a href="http://dsr.nii.ac.jp/cgi-bin/toyobunko/geta_search.pl?sn=all&lang=en&input=khiva">Search at Toyo Bunko Archive</a></td></tr><tr><th>ヒヴァ</th><td><a href="http://dsr.nii.ac.jp/cgi-bin/toyobunko/geta_search.pl?sn=all&lang=en&input=%E3%83%92%E3%83%B4%E3%82%A1">Search at Toyo Bunko Archive</a></td></tr><tr><th>xiba</th><td><a href="http://dsr.nii.ac.jp/cgi-bin/toyobunko/geta_search.pl?sn=all&lang=en&input=xiba">Search at Toyo Bunko Archive</a></td></tr></table>]]>
</description>
        </Placemark>
        <Placemark>
          <name>istanbul</name>
          <visibility>1</visibility>
          <Point>
            <coordinates>28.979834,41.013562,0</coordinates>
          </Point>
          <description>
<![CDATA[
<hr/><h2>Geographic Coordinates</h2><dl><dt>Latitude : 41.013562</dt><dt>Longitude : 28.979834</dt></dl><h2>List of Placenames</h2><table border="1"><tr><th>istanbul</th><td><a href="http://dsr.nii.ac.jp/cgi-bin/toyobunko/geta_search.pl?sn=all&lang=en&input=istanbul">Search at Toyo Bunko Archive</a></td></tr><tr><th>イスタンブール</th><td><a href="http://dsr.nii.ac.jp/cgi-bin/toyobunko/geta_search.pl?sn=all&lang=en&input=%E3%82%A4%E3%82%B9%E3%82%BF%E3%83%B3%E3%83%96%E3%83%BC%E3%83%AB">Search at Toyo Bunko Archive</a></td></tr><tr><th>コンスタンティノープル</th><td><a href="http://dsr.nii.ac.jp/cgi-bin/toyobunko/geta_search.pl?sn=all&lang=en&input=%E3%82%B3%E3%83%B3%E3%82%B9%E3%82%BF%E3%83%B3%E3%83%86%E3%82%A3%E3%83%8E%E3%83%BC%E3%83%97%E3%83%AB">Search at Toyo Bunko Archive</a></td></tr></table>]]>
</description>
        </Placemark>
        <Placemark>
          <name>hangzhou</name>
          <visibility>1</visibility>
          <Point>
            <coordinates>120.159296,30.251384999999999,0</coordinates>
          </Point>
          <description>
<![CDATA[
<hr/><h2>Geographic Coordinates</h2><dl><dt>Latitude : 30.251384999999999</dt><dt>Longitude : 120.159296</dt></dl><h2>List of Placenames</h2><table border="1"><tr><th>hangzhou</th><td><a href="http://dsr.nii.ac.jp/cgi-bin/toyobunko/geta_search.pl?sn=all&lang=en&input=hangzhou">Search at Toyo Bunko Archive</a></td></tr><tr><th>杭州</th><td><a href="http://dsr.nii.ac.jp/cgi-bin/toyobunko/geta_search.pl?sn=all&lang=en&input=%E6%9D%AD%E5%B7%9E">Search at Toyo Bunko Archive</a></td></tr></table>]]>
</description>
        </Placemark>
        <Placemark>
          <name>tehran</name>
          <visibility>1</visibility>
          <Point>
            <coordinates>51.375889999999998,35.664701000000001,0</coordinates>
          </Point>
          <description>
<![CDATA[
<hr/><h2>Geographic Coordinates</h2><dl><dt>Latitude : 35.664701000000001</dt><dt>Longitude : 51.375889999999998</dt></dl><h2>List of Placenames</h2><table border="1"><tr><th>tehran</th><td><a href="http://dsr.nii.ac.jp/cgi-bin/toyobunko/geta_search.pl?sn=all&lang=en&input=tehran">Search at Toyo Bunko Archive</a></td></tr><tr><th>テヘラン</th><td><a href="http://dsr.nii.ac.jp/cgi-bin/toyobunko/geta_search.pl?sn=all&lang=en&input=%E3%83%86%E3%83%98%E3%83%A9%E3%83%B3">Search at Toyo Bunko Archive</a></td></tr></table>]]>
</description>
        </Placemark>
        <Placemark>
          <name>hormuz</name>
          <visibility>1</visibility>
          <Point>
            <coordinates>56.207321,27.153454,0</coordinates>
          </Point>
          <description>
<![CDATA[
<hr/><h2>Geographic Coordinates</h2><dl><dt>Latitude : 27.153454</dt><dt>Longitude : 56.207321</dt></dl><h2>List of Placenames</h2><table border="1"><tr><th>hormuz</th><td><a href="http://dsr.nii.ac.jp/cgi-bin/toyobunko/geta_search.pl?sn=all&lang=en&input=hormuz">Search at Toyo Bunko Archive</a></td></tr><tr><th>ホルムズ</th><td><a href="http://dsr.nii.ac.jp/cgi-bin/toyobunko/geta_search.pl?sn=all&lang=en&input=%E3%83%9B%E3%83%AB%E3%83%A0%E3%82%BA">Search at Toyo Bunko Archive</a></td></tr></table>]]>
</description>
        </Placemark>
        <Placemark>
          <name>kokand</name>
          <visibility>1</visibility>
          <Point>
            <coordinates>70.936169000000007,40.532125000000001,0</coordinates>
          </Point>
          <description>
<![CDATA[
<hr/><h2>Geographic Coordinates</h2><dl><dt>Latitude : 40.532125000000001</dt><dt>Longitude : 70.936169000000007</dt></dl><h2>List of Placenames</h2><table border="1"><tr><th>kokand</th><td><a href="http://dsr.nii.ac.jp/cgi-bin/toyobunko/geta_search.pl?sn=all&lang=en&input=kokand">Search at Toyo Bunko Archive</a></td></tr><tr><th>コーカンド</th><td><a href="http://dsr.nii.ac.jp/cgi-bin/toyobunko/geta_search.pl?sn=all&lang=en&input=%E3%82%B3%E3%83%BC%E3%82%AB%E3%83%B3%E3%83%89">Search at Toyo Bunko Archive</a></td></tr></table>]]>
</description>
        </Placemark>
        <Placemark>
          <name>karakorum</name>
          <visibility>1</visibility>
          <Point>
            <coordinates>102.560525,47.299013000000002,0</coordinates>
          </Point>
          <description>
<![CDATA[
<hr/><h2>Geographic Coordinates</h2><dl><dt>Latitude : 47.299013000000002</dt><dt>Longitude : 102.560525</dt></dl><h2>List of Placenames</h2><table border="1"><tr><th>karakorum</th><td><a href="http://dsr.nii.ac.jp/cgi-bin/toyobunko/geta_search.pl?sn=all&lang=en&input=karakorum">Search at Toyo Bunko Archive</a></td></tr><tr><th>カラコルム</th><td><a href="http://dsr.nii.ac.jp/cgi-bin/toyobunko/geta_search.pl?sn=all&lang=en&input=%E3%82%AB%E3%83%A9%E3%82%B3%E3%83%AB%E3%83%A0">Search at Toyo Bunko Archive</a></td></tr></table>]]>
</description>
        </Placemark>
        <Placemark>
          <name>peshawar</name>
          <visibility>1</visibility>
          <Point>
            <coordinates>71.544173000000001,34.000627999999999,0</coordinates>
          </Point>
          <description>
<![CDATA[
<hr/><h2>Geographic Coordinates</h2><dl><dt>Latitude : 34.000627999999999</dt><dt>Longitude : 71.544173000000001</dt></dl><h2>List of Placenames</h2><table border="1"><tr><th>peshawar</th><td><a href="http://dsr.nii.ac.jp/cgi-bin/toyobunko/geta_search.pl?sn=all&lang=en&input=peshawar">Search at Toyo Bunko Archive</a></td></tr><tr><th>ペシャワール</th><td><a href="http://dsr.nii.ac.jp/cgi-bin/toyobunko/geta_search.pl?sn=all&lang=en&input=%E3%83%9A%E3%82%B7%E3%83%A3%E3%83%AF%E3%83%BC%E3%83%AB">Search at Toyo Bunko Archive</a></td></tr><tr><th>プルシャプラ</th><td><a href="http://dsr.nii.ac.jp/cgi-bin/toyobunko/geta_search.pl?sn=all&lang=en&input=%E3%83%97%E3%83%AB%E3%82%B7%E3%83%A3%E3%83%97%E3%83%A9">Search at Toyo Bunko Archive</a></td></tr></table>]]>
</description>
        </Placemark>
        <Placemark>
          <name>andizhan</name>
          <visibility>1</visibility>
          <Point>
            <coordinates>72.345347000000004,40.792997,0</coordinates>
          </Point>
          <description>
<![CDATA[
<hr/><h2>Geographic Coordinates</h2><dl><dt>Latitude : 40.792997</dt><dt>Longitude : 72.345347000000004</dt></dl><h2>List of Placenames</h2><table border="1"><tr><th>andizhan</th><td><a href="http://dsr.nii.ac.jp/cgi-bin/toyobunko/geta_search.pl?sn=all&lang=en&input=andizhan">Search at Toyo Bunko Archive</a></td></tr><tr><th>アンディジャン</th><td><a href="http://dsr.nii.ac.jp/cgi-bin/toyobunko/geta_search.pl?sn=all&lang=en&input=%E3%82%A2%E3%83%B3%E3%83%87%E3%82%A3%E3%82%B8%E3%83%A3%E3%83%B3">Search at Toyo Bunko Archive</a></td></tr></table>]]>
</description>
        </Placemark>
        <Placemark>
          <name>taraz</name>
          <visibility>1</visibility>
          <Point>
            <coordinates>71.367498999999995,42.900340999999997,0</coordinates>
          </Point>
          <description>
<![CDATA[
<hr/><h2>Geographic Coordinates</h2><dl><dt>Latitude : 42.900340999999997</dt><dt>Longitude : 71.367498999999995</dt></dl><h2>List of Placenames</h2><table border="1"><tr><th>taraz</th><td><a href="http://dsr.nii.ac.jp/cgi-bin/toyobunko/geta_search.pl?sn=all&lang=en&input=taraz">Search at Toyo Bunko Archive</a></td></tr><tr><th>タラス</th><td><a href="http://dsr.nii.ac.jp/cgi-bin/toyobunko/geta_search.pl?sn=all&lang=en&input=%E3%82%BF%E3%83%A9%E3%82%B9">Search at Toyo Bunko Archive</a></td></tr></table>]]>
</description>
        </Placemark>
        <Placemark>
          <name>arlsk</name>
          <visibility>1</visibility>
          <Point>
            <coordinates>61.655628,46.796968999999997,0</coordinates>
          </Point>
          <description>
<![CDATA[
<hr/><h2>Geographic Coordinates</h2><dl><dt>Latitude : 46.796968999999997</dt><dt>Longitude : 61.655628</dt></dl><h2>List of Placenames</h2><table border="1"><tr><th>arlsk</th><td><a href="http://dsr.nii.ac.jp/cgi-bin/toyobunko/geta_search.pl?sn=all&lang=en&input=arlsk">Search at Toyo Bunko Archive</a></td></tr><tr><th>アラルスク</th><td><a href="http://dsr.nii.ac.jp/cgi-bin/toyobunko/geta_search.pl?sn=all&lang=en&input=%E3%82%A2%E3%83%A9%E3%83%AB%E3%82%B9%E3%82%AF">Search at Toyo Bunko Archive</a></td></tr></table>]]>
</description>
        </Placemark>
        <Placemark>
          <name>persepolis</name>
          <visibility>1</visibility>
          <Point>
            <coordinates>52.890709999999999,29.934826999999999,0</coordinates>
          </Point>
          <description>
<![CDATA[
<hr/><h2>Geographic Coordinates</h2><dl><dt>Latitude : 29.934826999999999</dt><dt>Longitude : 52.890709999999999</dt></dl><h2>List of Placenames</h2><table border="1"><tr><th>persepolis</th><td><a href="http://dsr.nii.ac.jp/cgi-bin/toyobunko/geta_search.pl?sn=all&lang=en&input=persepolis">Search at Toyo Bunko Archive</a></td></tr><tr><th>ペルセポリス</th><td><a href="http://dsr.nii.ac.jp/cgi-bin/toyobunko/geta_search.pl?sn=all&lang=en&input=%E3%83%9A%E3%83%AB%E3%82%BB%E3%83%9D%E3%83%AA%E3%82%B9">Search at Toyo Bunko Archive</a></td></tr></table>]]>
</description>
        </Placemark>
        <Placemark>
          <name>ankara</name>
          <visibility>1</visibility>
          <Point>
            <coordinates>32.876069000000001,39.924892999999997,0</coordinates>
          </Point>
          <description>
<![CDATA[
<hr/><h2>Geographic Coordinates</h2><dl><dt>Latitude : 39.924892999999997</dt><dt>Longitude : 32.876069000000001</dt></dl><h2>List of Placenames</h2><table border="1"><tr><th>ankara</th><td><a href="http://dsr.nii.ac.jp/cgi-bin/toyobunko/geta_search.pl?sn=all&lang=en&input=ankara">Search at Toyo Bunko Archive</a></td></tr><tr><th>アンカラ</th><td><a href="http://dsr.nii.ac.jp/cgi-bin/toyobunko/geta_search.pl?sn=all&lang=en&input=%E3%82%A2%E3%83%B3%E3%82%AB%E3%83%A9">Search at Toyo Bunko Archive</a></td></tr><tr><th>ancara</th><td><a href="http://dsr.nii.ac.jp/cgi-bin/toyobunko/geta_search.pl?sn=all&lang=en&input=ancara">Search at Toyo Bunko Archive</a></td></tr></table>]]>
</description>
        </Placemark>
        <Placemark>
          <name>beirut</name>
          <visibility>1</visibility>
          <Point>
            <coordinates>35.525165000000001,33.946108000000002,0</coordinates>
          </Point>
          <description>
<![CDATA[
<hr/><h2>Geographic Coordinates</h2><dl><dt>Latitude : 33.946108000000002</dt><dt>Longitude : 35.525165000000001</dt></dl><h2>List of Placenames</h2><table border="1"><tr><th>beirut</th><td><a href="http://dsr.nii.ac.jp/cgi-bin/toyobunko/geta_search.pl?sn=all&lang=en&input=beirut">Search at Toyo Bunko Archive</a></td></tr><tr><th>ベイルート</th><td><a href="http://dsr.nii.ac.jp/cgi-bin/toyobunko/geta_search.pl?sn=all&lang=en&input=%E3%83%99%E3%82%A4%E3%83%AB%E3%83%BC%E3%83%88">Search at Toyo Bunko Archive</a></td></tr></table>]]>
</description>
        </Placemark>
      </Folder>
      <Folder>
        <name>&#x5730;&#x540D;&#xFF08;&#x4E2D;&#x56FD;&#x4E2D;&#x539F;&#xFF09;</name>
        <Placemark>
          <name>beijing</name>
          <visibility>1</visibility>
          <Point>
            <coordinates>116.39155700000001,39.917109000000004,0</coordinates>
          </Point>
          <description>
<![CDATA[
<hr/><h2>Geographic Coordinates</h2><dl><dt>Latitude : 39.917109000000004</dt><dt>Longitude : 116.39155700000001</dt></dl><h2>List of Placenames</h2><table border="1"><tr><th>beijing</th><td><a href="http://dsr.nii.ac.jp/cgi-bin/toyobunko/geta_search.pl?sn=all&lang=en&input=beijing">Search at Toyo Bunko Archive</a></td></tr><tr><th>北京</th><td><a href="http://dsr.nii.ac.jp/cgi-bin/toyobunko/geta_search.pl?sn=all&lang=en&input=%E5%8C%97%E4%BA%AC">Search at Toyo Bunko Archive</a></td></tr></table>]]>
</description>
        </Placemark>
        <Placemark>
          <name>qinghai</name>
          <visibility>1</visibility>
          <Point>
            <coordinates>100.127531,36.931553999999998,0</coordinates>
          </Point>
          <description>
<![CDATA[
<hr/><h2>Geographic Coordinates</h2><dl><dt>Latitude : 36.931553999999998</dt><dt>Longitude : 100.127531</dt></dl><h2>List of Placenames</h2><table border="1"><tr><th>qinghai</th><td><a href="http://dsr.nii.ac.jp/cgi-bin/toyobunko/geta_search.pl?sn=all&lang=en&input=qinghai">Search at Toyo Bunko Archive</a></td></tr><tr><th>青海</th><td><a href="http://dsr.nii.ac.jp/cgi-bin/toyobunko/geta_search.pl?sn=all&lang=en&input=%E9%9D%92%E6%B5%B7">Search at Toyo Bunko Archive</a></td></tr></table>]]>
</description>
        </Placemark>
        <Placemark>
          <name>dunhuang</name>
          <visibility>1</visibility>
          <Point>
            <coordinates>94.664214000000001,40.140891000000003,0</coordinates>
          </Point>
          <description>
<![CDATA[
<hr/><h2>Geographic Coordinates</h2><dl><dt>Latitude : 40.140891000000003</dt><dt>Longitude : 94.664214000000001</dt></dl><h2>List of Placenames</h2><table border="1"><tr><th>dunhuang</th><td><a href="http://dsr.nii.ac.jp/cgi-bin/toyobunko/geta_search.pl?sn=all&lang=en&input=dunhuang">Search at Toyo Bunko Archive</a></td></tr><tr><th>敦煌</th><td><a href="http://dsr.nii.ac.jp/cgi-bin/toyobunko/geta_search.pl?sn=all&lang=en&input=%E6%95%A6%E7%85%8C">Search at Toyo Bunko Archive</a></td></tr></table>]]>
</description>
        </Placemark>
        <Placemark>
          <name>yueyaquan</name>
          <visibility>1</visibility>
          <Point>
            <coordinates>94.669366999999994,40.086908000000001,0</coordinates>
          </Point>
          <description>
<![CDATA[
<hr/><h2>Geographic Coordinates</h2><dl><dt>Latitude : 40.086908000000001</dt><dt>Longitude : 94.669366999999994</dt></dl><h2>List of Placenames</h2><table border="1"><tr><th>yueyaquan</th><td><a href="http://dsr.nii.ac.jp/cgi-bin/toyobunko/geta_search.pl?sn=all&lang=en&input=yueyaquan">Search at Toyo Bunko Archive</a></td></tr><tr><th>月牙泉</th><td><a href="http://dsr.nii.ac.jp/cgi-bin/toyobunko/geta_search.pl?sn=all&lang=en&input=%E6%9C%88%E7%89%99%E6%B3%89">Search at Toyo Bunko Archive</a></td></tr></table>]]>
</description>
        </Placemark>
        <Placemark>
          <name>lanzhou</name>
          <visibility>1</visibility>
          <Point>
            <coordinates>103.77718400000001,36.056027999999998,0</coordinates>
          </Point>
          <description>
<![CDATA[
<hr/><h2>Geographic Coordinates</h2><dl><dt>Latitude : 36.056027999999998</dt><dt>Longitude : 103.77718400000001</dt></dl><h2>List of Placenames</h2><table border="1"><tr><th>lanzhou</th><td><a href="http://dsr.nii.ac.jp/cgi-bin/toyobunko/geta_search.pl?sn=all&lang=en&input=lanzhou">Search at Toyo Bunko Archive</a></td></tr><tr><th>蘭州</th><td><a href="http://dsr.nii.ac.jp/cgi-bin/toyobunko/geta_search.pl?sn=all&lang=en&input=%E8%98%AD%E5%B7%9E">Search at Toyo Bunko Archive</a></td></tr><tr><th>jincheng</th><td><a href="http://dsr.nii.ac.jp/cgi-bin/toyobunko/geta_search.pl?sn=all&lang=en&input=jincheng">Search at Toyo Bunko Archive</a></td></tr><tr><th>金城</th><td><a href="http://dsr.nii.ac.jp/cgi-bin/toyobunko/geta_search.pl?sn=all&lang=en&input=%E9%87%91%E5%9F%8E">Search at Toyo Bunko Archive</a></td></tr></table>]]>
</description>
        </Placemark>
        <Placemark>
          <name>tianshui</name>
          <visibility>1</visibility>
          <Point>
            <coordinates>105.72287300000001,34.577379000000001,0</coordinates>
          </Point>
          <description>
<![CDATA[
<hr/><h2>Geographic Coordinates</h2><dl><dt>Latitude : 34.577379000000001</dt><dt>Longitude : 105.72287300000001</dt></dl><h2>List of Placenames</h2><table border="1"><tr><th>tianshui</th><td><a href="http://dsr.nii.ac.jp/cgi-bin/toyobunko/geta_search.pl?sn=all&lang=en&input=tianshui">Search at Toyo Bunko Archive</a></td></tr><tr><th>天水</th><td><a href="http://dsr.nii.ac.jp/cgi-bin/toyobunko/geta_search.pl?sn=all&lang=en&input=%E5%A4%A9%E6%B0%B4">Search at Toyo Bunko Archive</a></td></tr></table>]]>
</description>
        </Placemark>
        <Placemark>
          <name>baoji</name>
          <visibility>1</visibility>
          <Point>
            <coordinates>107.156616,34.377074,0</coordinates>
          </Point>
          <description>
<![CDATA[
<hr/><h2>Geographic Coordinates</h2><dl><dt>Latitude : 34.377074</dt><dt>Longitude : 107.156616</dt></dl><h2>List of Placenames</h2><table border="1"><tr><th>baoji</th><td><a href="http://dsr.nii.ac.jp/cgi-bin/toyobunko/geta_search.pl?sn=all&lang=en&input=baoji">Search at Toyo Bunko Archive</a></td></tr><tr><th>宝鶏</th><td><a href="http://dsr.nii.ac.jp/cgi-bin/toyobunko/geta_search.pl?sn=all&lang=en&input=%E5%AE%9D%E9%B6%8F">Search at Toyo Bunko Archive</a></td></tr></table>]]>
</description>
        </Placemark>
        <Placemark>
          <name>xigaz&#xEA;</name>
          <visibility>1</visibility>
          <Point>
            <coordinates>88.882043999999993,29.260916000000002,0</coordinates>
          </Point>
          <description>
<![CDATA[
<hr/><h2>Geographic Coordinates</h2><dl><dt>Latitude : 29.260916000000002</dt><dt>Longitude : 88.882043999999993</dt></dl><h2>List of Placenames</h2><table border="1"><tr><th>xigazê</th><td><a href="http://dsr.nii.ac.jp/cgi-bin/toyobunko/geta_search.pl?sn=all&lang=en&input=xigaz%C3%AA">Search at Toyo Bunko Archive</a></td></tr><tr><th>シガツェ</th><td><a href="http://dsr.nii.ac.jp/cgi-bin/toyobunko/geta_search.pl?sn=all&lang=en&input=%E3%82%B7%E3%82%AC%E3%83%84%E3%82%A7">Search at Toyo Bunko Archive</a></td></tr><tr><th>shigatse</th><td><a href="http://dsr.nii.ac.jp/cgi-bin/toyobunko/geta_search.pl?sn=all&lang=en&input=shigatse">Search at Toyo Bunko Archive</a></td></tr></table>]]>
</description>
        </Placemark>
        <Placemark>
          <name>xianyang</name>
          <visibility>1</visibility>
          <Point>
            <coordinates>108.598438,34.331246,0</coordinates>
          </Point>
          <description>
<![CDATA[
<hr/><h2>Geographic Coordinates</h2><dl><dt>Latitude : 34.331246</dt><dt>Longitude : 108.598438</dt></dl><h2>List of Placenames</h2><table border="1"><tr><th>xianyang</th><td><a href="http://dsr.nii.ac.jp/cgi-bin/toyobunko/geta_search.pl?sn=all&lang=en&input=xianyang">Search at Toyo Bunko Archive</a></td></tr><tr><th>咸陽</th><td><a href="http://dsr.nii.ac.jp/cgi-bin/toyobunko/geta_search.pl?sn=all&lang=en&input=%E5%92%B8%E9%99%BD">Search at Toyo Bunko Archive</a></td></tr></table>]]>
</description>
        </Placemark>
        <Placemark>
          <name>xi'an</name>
          <visibility>1</visibility>
          <Point>
            <coordinates>108.92234000000001,34.251243000000002,0</coordinates>
          </Point>
          <description>
<![CDATA[
<hr/><h2>Geographic Coordinates</h2><dl><dt>Latitude : 34.251243000000002</dt><dt>Longitude : 108.92234000000001</dt></dl><h2>List of Placenames</h2><table border="1"><tr><th>xi'an</th><td><a href="http://dsr.nii.ac.jp/cgi-bin/toyobunko/geta_search.pl?sn=all&lang=en&input=xi'an">Search at Toyo Bunko Archive</a></td></tr><tr><th>西安</th><td><a href="http://dsr.nii.ac.jp/cgi-bin/toyobunko/geta_search.pl?sn=all&lang=en&input=%E8%A5%BF%E5%AE%89">Search at Toyo Bunko Archive</a></td></tr><tr><th>chang'an</th><td><a href="http://dsr.nii.ac.jp/cgi-bin/toyobunko/geta_search.pl?sn=all&lang=en&input=chang'an">Search at Toyo Bunko Archive</a></td></tr><tr><th>長安</th><td><a href="http://dsr.nii.ac.jp/cgi-bin/toyobunko/geta_search.pl?sn=all&lang=en&input=%E9%95%B7%E5%AE%89">Search at Toyo Bunko Archive</a></td></tr></table>]]>
</description>
        </Placemark>
        <Placemark>
          <name>luoyang</name>
          <visibility>1</visibility>
          <Point>
            <coordinates>112.442669,34.670431000000001,0</coordinates>
          </Point>
          <description>
<![CDATA[
<hr/><h2>Geographic Coordinates</h2><dl><dt>Latitude : 34.670431000000001</dt><dt>Longitude : 112.442669</dt></dl><h2>List of Placenames</h2><table border="1"><tr><th>luoyang</th><td><a href="http://dsr.nii.ac.jp/cgi-bin/toyobunko/geta_search.pl?sn=all&lang=en&input=luoyang">Search at Toyo Bunko Archive</a></td></tr><tr><th>洛陽</th><td><a href="http://dsr.nii.ac.jp/cgi-bin/toyobunko/geta_search.pl?sn=all&lang=en&input=%E6%B4%9B%E9%99%BD">Search at Toyo Bunko Archive</a></td></tr></table>]]>
</description>
        </Placemark>
        <Placemark>
          <name>kaifeng</name>
          <visibility>1</visibility>
          <Point>
            <coordinates>114.339884,34.787717000000001,0</coordinates>
          </Point>
          <description>
<![CDATA[
<hr/><h2>Geographic Coordinates</h2><dl><dt>Latitude : 34.787717000000001</dt><dt>Longitude : 114.339884</dt></dl><h2>List of Placenames</h2><table border="1"><tr><th>kaifeng</th><td><a href="http://dsr.nii.ac.jp/cgi-bin/toyobunko/geta_search.pl?sn=all&lang=en&input=kaifeng">Search at Toyo Bunko Archive</a></td></tr><tr><th>開封</th><td><a href="http://dsr.nii.ac.jp/cgi-bin/toyobunko/geta_search.pl?sn=all&lang=en&input=%E9%96%8B%E5%B0%81">Search at Toyo Bunko Archive</a></td></tr></table>]]>
</description>
        </Placemark>
        <Placemark>
          <name>datong</name>
          <visibility>1</visibility>
          <Point>
            <coordinates>113.294369,40.090812,0</coordinates>
          </Point>
          <description>
<![CDATA[
<hr/><h2>Geographic Coordinates</h2><dl><dt>Latitude : 40.090812</dt><dt>Longitude : 113.294369</dt></dl><h2>List of Placenames</h2><table border="1"><tr><th>datong</th><td><a href="http://dsr.nii.ac.jp/cgi-bin/toyobunko/geta_search.pl?sn=all&lang=en&input=datong">Search at Toyo Bunko Archive</a></td></tr><tr><th>大同</th><td><a href="http://dsr.nii.ac.jp/cgi-bin/toyobunko/geta_search.pl?sn=all&lang=en&input=%E5%A4%A7%E5%90%8C">Search at Toyo Bunko Archive</a></td></tr></table>]]>
</description>
        </Placemark>
        <Placemark>
          <name>yongguling</name>
          <visibility>1</visibility>
          <Point>
            <coordinates>113.346048,40.280182000000003,0</coordinates>
          </Point>
          <description>
<![CDATA[
<hr/><h2>Geographic Coordinates</h2><dl><dt>Latitude : 40.280182000000003</dt><dt>Longitude : 113.346048</dt></dl><h2>List of Placenames</h2><table border="1"><tr><th>yongguling</th><td><a href="http://dsr.nii.ac.jp/cgi-bin/toyobunko/geta_search.pl?sn=all&lang=en&input=yongguling">Search at Toyo Bunko Archive</a></td></tr><tr><th>永固陵</th><td><a href="http://dsr.nii.ac.jp/cgi-bin/toyobunko/geta_search.pl?sn=all&lang=en&input=%E6%B0%B8%E5%9B%BA%E9%99%B5">Search at Toyo Bunko Archive</a></td></tr></table>]]>
</description>
        </Placemark>
        <Placemark>
          <name>tongwancheng</name>
          <visibility>1</visibility>
          <Point>
            <coordinates>108.85381099999999,37.999186999999999,0</coordinates>
          </Point>
          <description>
<![CDATA[
<hr/><h2>Geographic Coordinates</h2><dl><dt>Latitude : 37.999186999999999</dt><dt>Longitude : 108.85381099999999</dt></dl><h2>List of Placenames</h2><table border="1"><tr><th>tongwancheng</th><td><a href="http://dsr.nii.ac.jp/cgi-bin/toyobunko/geta_search.pl?sn=all&lang=en&input=tongwancheng">Search at Toyo Bunko Archive</a></td></tr><tr><th>統万城</th><td><a href="http://dsr.nii.ac.jp/cgi-bin/toyobunko/geta_search.pl?sn=all&lang=en&input=%E7%B5%B1%E4%B8%87%E5%9F%8E">Search at Toyo Bunko Archive</a></td></tr></table>]]>
</description>
        </Placemark>
        <Placemark>
          <name>wuzhong</name>
          <visibility>1</visibility>
          <Point>
            <coordinates>106.19597400000001,37.985354000000001,0</coordinates>
          </Point>
          <description>
<![CDATA[
<hr/><h2>Geographic Coordinates</h2><dl><dt>Latitude : 37.985354000000001</dt><dt>Longitude : 106.19597400000001</dt></dl><h2>List of Placenames</h2><table border="1"><tr><th>wuzhong</th><td><a href="http://dsr.nii.ac.jp/cgi-bin/toyobunko/geta_search.pl?sn=all&lang=en&input=wuzhong">Search at Toyo Bunko Archive</a></td></tr><tr><th>呉忠</th><td><a href="http://dsr.nii.ac.jp/cgi-bin/toyobunko/geta_search.pl?sn=all&lang=en&input=%E5%91%89%E5%BF%A0">Search at Toyo Bunko Archive</a></td></tr><tr><th>lingwu</th><td><a href="http://dsr.nii.ac.jp/cgi-bin/toyobunko/geta_search.pl?sn=all&lang=en&input=lingwu">Search at Toyo Bunko Archive</a></td></tr><tr><th>霊武</th><td><a href="http://dsr.nii.ac.jp/cgi-bin/toyobunko/geta_search.pl?sn=all&lang=en&input=%E9%9C%8A%E6%AD%A6">Search at Toyo Bunko Archive</a></td></tr></table>]]>
</description>
        </Placemark>
        <Placemark>
          <name>huhehaote</name>
          <visibility>1</visibility>
          <Point>
            <coordinates>111.676783,40.817872000000001,0</coordinates>
          </Point>
          <description>
<![CDATA[
<hr/><h2>Geographic Coordinates</h2><dl><dt>Latitude : 40.817872000000001</dt><dt>Longitude : 111.676783</dt></dl><h2>List of Placenames</h2><table border="1"><tr><th>huhehaote</th><td><a href="http://dsr.nii.ac.jp/cgi-bin/toyobunko/geta_search.pl?sn=all&lang=en&input=huhehaote">Search at Toyo Bunko Archive</a></td></tr><tr><th>フフホト</th><td><a href="http://dsr.nii.ac.jp/cgi-bin/toyobunko/geta_search.pl?sn=all&lang=en&input=%E3%83%95%E3%83%95%E3%83%9B%E3%83%88">Search at Toyo Bunko Archive</a></td></tr></table>]]>
</description>
        </Placemark>
        <Placemark>
          <name>guyang</name>
          <visibility>1</visibility>
          <Point>
            <coordinates>110.048776,41.027056999999999,0</coordinates>
          </Point>
          <description>
<![CDATA[
<hr/><h2>Geographic Coordinates</h2><dl><dt>Latitude : 41.027056999999999</dt><dt>Longitude : 110.048776</dt></dl><h2>List of Placenames</h2><table border="1"><tr><th>guyang</th><td><a href="http://dsr.nii.ac.jp/cgi-bin/toyobunko/geta_search.pl?sn=all&lang=en&input=guyang">Search at Toyo Bunko Archive</a></td></tr><tr><th>固陽</th><td><a href="http://dsr.nii.ac.jp/cgi-bin/toyobunko/geta_search.pl?sn=all&lang=en&input=%E5%9B%BA%E9%99%BD">Search at Toyo Bunko Archive</a></td></tr></table>]]>
</description>
        </Placemark>
        <Placemark>
          <name>baotou</name>
          <visibility>1</visibility>
          <Point>
            <coordinates>109.806377,40.659466000000002,0</coordinates>
          </Point>
          <description>
<![CDATA[
<hr/><h2>Geographic Coordinates</h2><dl><dt>Latitude : 40.659466000000002</dt><dt>Longitude : 109.806377</dt></dl><h2>List of Placenames</h2><table border="1"><tr><th>baotou</th><td><a href="http://dsr.nii.ac.jp/cgi-bin/toyobunko/geta_search.pl?sn=all&lang=en&input=baotou">Search at Toyo Bunko Archive</a></td></tr><tr><th>パオトウ</th><td><a href="http://dsr.nii.ac.jp/cgi-bin/toyobunko/geta_search.pl?sn=all&lang=en&input=%E3%83%91%E3%82%AA%E3%83%88%E3%82%A6">Search at Toyo Bunko Archive</a></td></tr><tr><th>包頭</th><td><a href="http://dsr.nii.ac.jp/cgi-bin/toyobunko/geta_search.pl?sn=all&lang=en&input=%E5%8C%85%E9%A0%AD">Search at Toyo Bunko Archive</a></td></tr></table>]]>
</description>
        </Placemark>
        <Placemark>
          <name>helanshan</name>
          <visibility>1</visibility>
          <Point>
            <coordinates>105.902935,38.694786999999998,0</coordinates>
          </Point>
          <description>
<![CDATA[
<hr/><h2>Geographic Coordinates</h2><dl><dt>Latitude : 38.694786999999998</dt><dt>Longitude : 105.902935</dt></dl><h2>List of Placenames</h2><table border="1"><tr><th>helanshan</th><td><a href="http://dsr.nii.ac.jp/cgi-bin/toyobunko/geta_search.pl?sn=all&lang=en&input=helanshan">Search at Toyo Bunko Archive</a></td></tr><tr><th>賀蘭山</th><td><a href="http://dsr.nii.ac.jp/cgi-bin/toyobunko/geta_search.pl?sn=all&lang=en&input=%E8%B3%80%E8%98%AD%E5%B1%B1">Search at Toyo Bunko Archive</a></td></tr></table>]]>
</description>
        </Placemark>
        <Placemark>
          <name>yinchuan</name>
          <visibility>1</visibility>
          <Point>
            <coordinates>106.282476,38.461222999999997,0</coordinates>
          </Point>
          <description>
<![CDATA[
<hr/><h2>Geographic Coordinates</h2><dl><dt>Latitude : 38.461222999999997</dt><dt>Longitude : 106.282476</dt></dl><h2>List of Placenames</h2><table border="1"><tr><th>yinchuan</th><td><a href="http://dsr.nii.ac.jp/cgi-bin/toyobunko/geta_search.pl?sn=all&lang=en&input=yinchuan">Search at Toyo Bunko Archive</a></td></tr><tr><th>銀川</th><td><a href="http://dsr.nii.ac.jp/cgi-bin/toyobunko/geta_search.pl?sn=all&lang=en&input=%E9%8A%80%E5%B7%9D">Search at Toyo Bunko Archive</a></td></tr></table>]]>
</description>
        </Placemark>
        <Placemark>
          <name>zhangjiakou</name>
          <visibility>1</visibility>
          <Point>
            <coordinates>114.886956,40.813339999999997,0</coordinates>
          </Point>
          <description>
<![CDATA[
<hr/><h2>Geographic Coordinates</h2><dl><dt>Latitude : 40.813339999999997</dt><dt>Longitude : 114.886956</dt></dl><h2>List of Placenames</h2><table border="1"><tr><th>zhangjiakou</th><td><a href="http://dsr.nii.ac.jp/cgi-bin/toyobunko/geta_search.pl?sn=all&lang=en&input=zhangjiakou">Search at Toyo Bunko Archive</a></td></tr><tr><th>張家口</th><td><a href="http://dsr.nii.ac.jp/cgi-bin/toyobunko/geta_search.pl?sn=all&lang=en&input=%E5%BC%B5%E5%AE%B6%E5%8F%A3">Search at Toyo Bunko Archive</a></td></tr></table>]]>
</description>
        </Placemark>
        <Placemark>
          <name>chengdu</name>
          <visibility>1</visibility>
          <Point>
            <coordinates>104.071274,30.650471,0</coordinates>
          </Point>
          <description>
<![CDATA[
<hr/><h2>Geographic Coordinates</h2><dl><dt>Latitude : 30.650471</dt><dt>Longitude : 104.071274</dt></dl><h2>List of Placenames</h2><table border="1"><tr><th>chengdu</th><td><a href="http://dsr.nii.ac.jp/cgi-bin/toyobunko/geta_search.pl?sn=all&lang=en&input=chengdu">Search at Toyo Bunko Archive</a></td></tr><tr><th>成都</th><td><a href="http://dsr.nii.ac.jp/cgi-bin/toyobunko/geta_search.pl?sn=all&lang=en&input=%E6%88%90%E9%83%BD">Search at Toyo Bunko Archive</a></td></tr></table>]]>
</description>
        </Placemark>
        <Placemark>
          <name>guangzhou</name>
          <visibility>1</visibility>
          <Point>
            <coordinates>113.248238,23.127890000000001,0</coordinates>
          </Point>
          <description>
<![CDATA[
<hr/><h2>Geographic Coordinates</h2><dl><dt>Latitude : 23.127890000000001</dt><dt>Longitude : 113.248238</dt></dl><h2>List of Placenames</h2><table border="1"><tr><th>guangzhou</th><td><a href="http://dsr.nii.ac.jp/cgi-bin/toyobunko/geta_search.pl?sn=all&lang=en&input=guangzhou">Search at Toyo Bunko Archive</a></td></tr><tr><th>広州</th><td><a href="http://dsr.nii.ac.jp/cgi-bin/toyobunko/geta_search.pl?sn=all&lang=en&input=%E5%BA%83%E5%B7%9E">Search at Toyo Bunko Archive</a></td></tr></table>]]>
</description>
        </Placemark>
        <Placemark>
          <name>anxi</name>
          <visibility>1</visibility>
          <Point>
            <coordinates>95.786223000000007,40.528941000000003,0</coordinates>
          </Point>
          <description>
<![CDATA[
<hr/><h2>Geographic Coordinates</h2><dl><dt>Latitude : 40.528941000000003</dt><dt>Longitude : 95.786223000000007</dt></dl><h2>List of Placenames</h2><table border="1"><tr><th>anxi</th><td><a href="http://dsr.nii.ac.jp/cgi-bin/toyobunko/geta_search.pl?sn=all&lang=en&input=anxi">Search at Toyo Bunko Archive</a></td></tr><tr><th>安西</th><td><a href="http://dsr.nii.ac.jp/cgi-bin/toyobunko/geta_search.pl?sn=all&lang=en&input=%E5%AE%89%E8%A5%BF">Search at Toyo Bunko Archive</a></td></tr></table>]]>
</description>
        </Placemark>
        <Placemark>
          <name>yumenzhen</name>
          <visibility>1</visibility>
          <Point>
            <coordinates>97.023970000000006,40.284038000000002,0</coordinates>
          </Point>
          <description>
<![CDATA[
<hr/><h2>Geographic Coordinates</h2><dl><dt>Latitude : 40.284038000000002</dt><dt>Longitude : 97.023970000000006</dt></dl><h2>List of Placenames</h2><table border="1"><tr><th>yumenzhen</th><td><a href="http://dsr.nii.ac.jp/cgi-bin/toyobunko/geta_search.pl?sn=all&lang=en&input=yumenzhen">Search at Toyo Bunko Archive</a></td></tr><tr><th>玉門鎮</th><td><a href="http://dsr.nii.ac.jp/cgi-bin/toyobunko/geta_search.pl?sn=all&lang=en&input=%E7%8E%89%E9%96%80%E9%8E%AE">Search at Toyo Bunko Archive</a></td></tr></table>]]>
</description>
        </Placemark>
        <Placemark>
          <name>yumen</name>
          <visibility>1</visibility>
          <Point>
            <coordinates>97.571331999999998,39.822907000000001,0</coordinates>
          </Point>
          <description>
<![CDATA[
<hr/><h2>Geographic Coordinates</h2><dl><dt>Latitude : 39.822907000000001</dt><dt>Longitude : 97.571331999999998</dt></dl><h2>List of Placenames</h2><table border="1"><tr><th>yumen</th><td><a href="http://dsr.nii.ac.jp/cgi-bin/toyobunko/geta_search.pl?sn=all&lang=en&input=yumen">Search at Toyo Bunko Archive</a></td></tr><tr><th>玉門</th><td><a href="http://dsr.nii.ac.jp/cgi-bin/toyobunko/geta_search.pl?sn=all&lang=en&input=%E7%8E%89%E9%96%80">Search at Toyo Bunko Archive</a></td></tr></table>]]>
</description>
        </Placemark>
        <Placemark>
          <name>jiayuguan</name>
          <visibility>1</visibility>
          <Point>
            <coordinates>98.321273000000005,39.795819000000002,0</coordinates>
          </Point>
          <description>
<![CDATA[
<hr/><h2>Geographic Coordinates</h2><dl><dt>Latitude : 39.795819000000002</dt><dt>Longitude : 98.321273000000005</dt></dl><h2>List of Placenames</h2><table border="1"><tr><th>jiayuguan</th><td><a href="http://dsr.nii.ac.jp/cgi-bin/toyobunko/geta_search.pl?sn=all&lang=en&input=jiayuguan">Search at Toyo Bunko Archive</a></td></tr><tr><th>嘉峪関</th><td><a href="http://dsr.nii.ac.jp/cgi-bin/toyobunko/geta_search.pl?sn=all&lang=en&input=%E5%98%89%E5%B3%AA%E9%96%A2">Search at Toyo Bunko Archive</a></td></tr></table>]]>
</description>
        </Placemark>
        <Placemark>
          <name>jiuquan</name>
          <visibility>1</visibility>
          <Point>
            <coordinates>98.512192999999996,39.742190000000001,0</coordinates>
          </Point>
          <description>
<![CDATA[
<hr/><h2>Geographic Coordinates</h2><dl><dt>Latitude : 39.742190000000001</dt><dt>Longitude : 98.512192999999996</dt></dl><h2>List of Placenames</h2><table border="1"><tr><th>jiuquan</th><td><a href="http://dsr.nii.ac.jp/cgi-bin/toyobunko/geta_search.pl?sn=all&lang=en&input=jiuquan">Search at Toyo Bunko Archive</a></td></tr><tr><th>酒泉</th><td><a href="http://dsr.nii.ac.jp/cgi-bin/toyobunko/geta_search.pl?sn=all&lang=en&input=%E9%85%92%E6%B3%89">Search at Toyo Bunko Archive</a></td></tr></table>]]>
</description>
        </Placemark>
        <Placemark>
          <name>zhangye</name>
          <visibility>1</visibility>
          <Point>
            <coordinates>100.45807600000001,38.934002999999997,0</coordinates>
          </Point>
          <description>
<![CDATA[
<hr/><h2>Geographic Coordinates</h2><dl><dt>Latitude : 38.934002999999997</dt><dt>Longitude : 100.45807600000001</dt></dl><h2>List of Placenames</h2><table border="1"><tr><th>zhangye</th><td><a href="http://dsr.nii.ac.jp/cgi-bin/toyobunko/geta_search.pl?sn=all&lang=en&input=zhangye">Search at Toyo Bunko Archive</a></td></tr><tr><th>張掖</th><td><a href="http://dsr.nii.ac.jp/cgi-bin/toyobunko/geta_search.pl?sn=all&lang=en&input=%E5%BC%B5%E6%8E%96">Search at Toyo Bunko Archive</a></td></tr></table>]]>
</description>
        </Placemark>
        <Placemark>
          <name>shandan</name>
          <visibility>1</visibility>
          <Point>
            <coordinates>101.077187,38.784996999999997,0</coordinates>
          </Point>
          <description>
<![CDATA[
<hr/><h2>Geographic Coordinates</h2><dl><dt>Latitude : 38.784996999999997</dt><dt>Longitude : 101.077187</dt></dl><h2>List of Placenames</h2><table border="1"><tr><th>shandan</th><td><a href="http://dsr.nii.ac.jp/cgi-bin/toyobunko/geta_search.pl?sn=all&lang=en&input=shandan">Search at Toyo Bunko Archive</a></td></tr><tr><th>山丹</th><td><a href="http://dsr.nii.ac.jp/cgi-bin/toyobunko/geta_search.pl?sn=all&lang=en&input=%E5%B1%B1%E4%B8%B9">Search at Toyo Bunko Archive</a></td></tr><tr><th>刪丹</th><td><a href="http://dsr.nii.ac.jp/cgi-bin/toyobunko/geta_search.pl?sn=all&lang=en&input=%E5%88%AA%E4%B8%B9">Search at Toyo Bunko Archive</a></td></tr></table>]]>
</description>
        </Placemark>
        <Placemark>
          <name>wuwei</name>
          <visibility>1</visibility>
          <Point>
            <coordinates>102.632327,37.925058,0</coordinates>
          </Point>
          <description>
<![CDATA[
<hr/><h2>Geographic Coordinates</h2><dl><dt>Latitude : 37.925058</dt><dt>Longitude : 102.632327</dt></dl><h2>List of Placenames</h2><table border="1"><tr><th>wuwei</th><td><a href="http://dsr.nii.ac.jp/cgi-bin/toyobunko/geta_search.pl?sn=all&lang=en&input=wuwei">Search at Toyo Bunko Archive</a></td></tr><tr><th>武威</th><td><a href="http://dsr.nii.ac.jp/cgi-bin/toyobunko/geta_search.pl?sn=all&lang=en&input=%E6%AD%A6%E5%A8%81">Search at Toyo Bunko Archive</a></td></tr></table>]]>
</description>
        </Placemark>
        <Placemark>
          <name>pingliang</name>
          <visibility>1</visibility>
          <Point>
            <coordinates>106.682446,35.542231000000001,0</coordinates>
          </Point>
          <description>
<![CDATA[
<hr/><h2>Geographic Coordinates</h2><dl><dt>Latitude : 35.542231000000001</dt><dt>Longitude : 106.682446</dt></dl><h2>List of Placenames</h2><table border="1"><tr><th>pingliang</th><td><a href="http://dsr.nii.ac.jp/cgi-bin/toyobunko/geta_search.pl?sn=all&lang=en&input=pingliang">Search at Toyo Bunko Archive</a></td></tr><tr><th>平涼</th><td><a href="http://dsr.nii.ac.jp/cgi-bin/toyobunko/geta_search.pl?sn=all&lang=en&input=%E5%B9%B3%E6%B6%BC">Search at Toyo Bunko Archive</a></td></tr></table>]]>
</description>
        </Placemark>
        <Placemark>
          <name>guyuan</name>
          <visibility>1</visibility>
          <Point>
            <coordinates>106.273358,36.011111,0</coordinates>
          </Point>
          <description>
<![CDATA[
<hr/><h2>Geographic Coordinates</h2><dl><dt>Latitude : 36.011111</dt><dt>Longitude : 106.273358</dt></dl><h2>List of Placenames</h2><table border="1"><tr><th>guyuan</th><td><a href="http://dsr.nii.ac.jp/cgi-bin/toyobunko/geta_search.pl?sn=all&lang=en&input=guyuan">Search at Toyo Bunko Archive</a></td></tr><tr><th>固原</th><td><a href="http://dsr.nii.ac.jp/cgi-bin/toyobunko/geta_search.pl?sn=all&lang=en&input=%E5%9B%BA%E5%8E%9F">Search at Toyo Bunko Archive</a></td></tr></table>]]>
</description>
        </Placemark>
        <Placemark>
          <name>jinan</name>
          <visibility>1</visibility>
          <Point>
            <coordinates>117.051272,36.630020000000002,0</coordinates>
          </Point>
          <description>
<![CDATA[
<hr/><h2>Geographic Coordinates</h2><dl><dt>Latitude : 36.630020000000002</dt><dt>Longitude : 117.051272</dt></dl><h2>List of Placenames</h2><table border="1"><tr><th>jinan</th><td><a href="http://dsr.nii.ac.jp/cgi-bin/toyobunko/geta_search.pl?sn=all&lang=en&input=jinan">Search at Toyo Bunko Archive</a></td></tr><tr><th>済南</th><td><a href="http://dsr.nii.ac.jp/cgi-bin/toyobunko/geta_search.pl?sn=all&lang=en&input=%E6%B8%88%E5%8D%97">Search at Toyo Bunko Archive</a></td></tr><tr><th>licheng</th><td><a href="http://dsr.nii.ac.jp/cgi-bin/toyobunko/geta_search.pl?sn=all&lang=en&input=licheng">Search at Toyo Bunko Archive</a></td></tr><tr><th>歴城</th><td><a href="http://dsr.nii.ac.jp/cgi-bin/toyobunko/geta_search.pl?sn=all&lang=en&input=%E6%AD%B4%E5%9F%8E">Search at Toyo Bunko Archive</a></td></tr></table>]]>
</description>
        </Placemark>
        <Placemark>
          <name>handan</name>
          <visibility>1</visibility>
          <Point>
            <coordinates>114.469489,36.600417,0</coordinates>
          </Point>
          <description>
<![CDATA[
<hr/><h2>Geographic Coordinates</h2><dl><dt>Latitude : 36.600417</dt><dt>Longitude : 114.469489</dt></dl><h2>List of Placenames</h2><table border="1"><tr><th>handan</th><td><a href="http://dsr.nii.ac.jp/cgi-bin/toyobunko/geta_search.pl?sn=all&lang=en&input=handan">Search at Toyo Bunko Archive</a></td></tr><tr><th>邯鄲</th><td><a href="http://dsr.nii.ac.jp/cgi-bin/toyobunko/geta_search.pl?sn=all&lang=en&input=%E9%82%AF%E9%84%B2">Search at Toyo Bunko Archive</a></td></tr></table>]]>
</description>
        </Placemark>
        <Placemark>
          <name>ye</name>
          <visibility>1</visibility>
          <Point>
            <coordinates>114.26174399999999,36.253031,0</coordinates>
          </Point>
          <description>
<![CDATA[
<hr/><h2>Geographic Coordinates</h2><dl><dt>Latitude : 36.253031</dt><dt>Longitude : 114.26174399999999</dt></dl><h2>List of Placenames</h2><table border="1"><tr><th>ye</th><td><a href="http://dsr.nii.ac.jp/cgi-bin/toyobunko/geta_search.pl?sn=all&lang=en&input=ye">Search at Toyo Bunko Archive</a></td></tr><tr><th>鄴</th><td><a href="http://dsr.nii.ac.jp/cgi-bin/toyobunko/geta_search.pl?sn=all&lang=en&input=%E9%84%B4">Search at Toyo Bunko Archive</a></td></tr></table>]]>
</description>
        </Placemark>
        <Placemark>
          <name>yangling</name>
          <visibility>1</visibility>
          <Point>
            <coordinates>108.025086,34.291564999999999,0</coordinates>
          </Point>
          <description>
<![CDATA[
<hr/><h2>Geographic Coordinates</h2><dl><dt>Latitude : 34.291564999999999</dt><dt>Longitude : 108.025086</dt></dl><h2>List of Placenames</h2><table border="1"><tr><th>yangling</th><td><a href="http://dsr.nii.ac.jp/cgi-bin/toyobunko/geta_search.pl?sn=all&lang=en&input=yangling">Search at Toyo Bunko Archive</a></td></tr><tr><th>楊陵</th><td><a href="http://dsr.nii.ac.jp/cgi-bin/toyobunko/geta_search.pl?sn=all&lang=en&input=%E6%A5%8A%E9%99%B5">Search at Toyo Bunko Archive</a></td></tr></table>]]>
</description>
        </Placemark>
        <Placemark>
          <name>famensi</name>
          <visibility>1</visibility>
          <Point>
            <coordinates>107.893816,34.435974000000002,0</coordinates>
          </Point>
          <description>
<![CDATA[
<hr/><h2>Geographic Coordinates</h2><dl><dt>Latitude : 34.435974000000002</dt><dt>Longitude : 107.893816</dt></dl><h2>List of Placenames</h2><table border="1"><tr><th>famensi</th><td><a href="http://dsr.nii.ac.jp/cgi-bin/toyobunko/geta_search.pl?sn=all&lang=en&input=famensi">Search at Toyo Bunko Archive</a></td></tr><tr><th>法門寺</th><td><a href="http://dsr.nii.ac.jp/cgi-bin/toyobunko/geta_search.pl?sn=all&lang=en&input=%E6%B3%95%E9%96%80%E5%AF%BA">Search at Toyo Bunko Archive</a></td></tr></table>]]>
</description>
        </Placemark>
        <Placemark>
          <name>qianling</name>
          <visibility>1</visibility>
          <Point>
            <coordinates>108.213898,34.580078,0</coordinates>
          </Point>
          <description>
<![CDATA[
<hr/><h2>Geographic Coordinates</h2><dl><dt>Latitude : 34.580078</dt><dt>Longitude : 108.213898</dt></dl><h2>List of Placenames</h2><table border="1"><tr><th>qianling</th><td><a href="http://dsr.nii.ac.jp/cgi-bin/toyobunko/geta_search.pl?sn=all&lang=en&input=qianling">Search at Toyo Bunko Archive</a></td></tr><tr><th>乾陵</th><td><a href="http://dsr.nii.ac.jp/cgi-bin/toyobunko/geta_search.pl?sn=all&lang=en&input=%E4%B9%BE%E9%99%B5">Search at Toyo Bunko Archive</a></td></tr></table>]]>
</description>
        </Placemark>
        <Placemark>
          <name>zhaoling</name>
          <visibility>1</visibility>
          <Point>
            <coordinates>108.493014,34.631680000000003,0</coordinates>
          </Point>
          <description>
<![CDATA[
<hr/><h2>Geographic Coordinates</h2><dl><dt>Latitude : 34.631680000000003</dt><dt>Longitude : 108.493014</dt></dl><h2>List of Placenames</h2><table border="1"><tr><th>zhaoling</th><td><a href="http://dsr.nii.ac.jp/cgi-bin/toyobunko/geta_search.pl?sn=all&lang=en&input=zhaoling">Search at Toyo Bunko Archive</a></td></tr><tr><th>昭陵</th><td><a href="http://dsr.nii.ac.jp/cgi-bin/toyobunko/geta_search.pl?sn=all&lang=en&input=%E6%98%AD%E9%99%B5">Search at Toyo Bunko Archive</a></td></tr></table>]]>
</description>
        </Placemark>
        <Placemark>
          <name>zhaolingbowuguan</name>
          <visibility>1</visibility>
          <Point>
            <coordinates>108.50164700000001,34.560059000000003,0</coordinates>
          </Point>
          <description>
<![CDATA[
<hr/><h2>Geographic Coordinates</h2><dl><dt>Latitude : 34.560059000000003</dt><dt>Longitude : 108.50164700000001</dt></dl><h2>List of Placenames</h2><table border="1"><tr><th>zhaolingbowuguan</th><td><a href="http://dsr.nii.ac.jp/cgi-bin/toyobunko/geta_search.pl?sn=all&lang=en&input=zhaolingbowuguan">Search at Toyo Bunko Archive</a></td></tr><tr><th>昭陵博物館</th><td><a href="http://dsr.nii.ac.jp/cgi-bin/toyobunko/geta_search.pl?sn=all&lang=en&input=%E6%98%AD%E9%99%B5%E5%8D%9A%E7%89%A9%E9%A4%A8">Search at Toyo Bunko Archive</a></td></tr></table>]]>
</description>
        </Placemark>
        <Placemark>
          <name>linyou</name>
          <visibility>1</visibility>
          <Point>
            <coordinates>107.804239,34.685751000000003,0</coordinates>
          </Point>
          <description>
<![CDATA[
<hr/><h2>Geographic Coordinates</h2><dl><dt>Latitude : 34.685751000000003</dt><dt>Longitude : 107.804239</dt></dl><h2>List of Placenames</h2><table border="1"><tr><th>linyou</th><td><a href="http://dsr.nii.ac.jp/cgi-bin/toyobunko/geta_search.pl?sn=all&lang=en&input=linyou">Search at Toyo Bunko Archive</a></td></tr><tr><th>麟游</th><td><a href="http://dsr.nii.ac.jp/cgi-bin/toyobunko/geta_search.pl?sn=all&lang=en&input=%E9%BA%9F%E6%B8%B8">Search at Toyo Bunko Archive</a></td></tr><tr><th>jiuchenggong</th><td><a href="http://dsr.nii.ac.jp/cgi-bin/toyobunko/geta_search.pl?sn=all&lang=en&input=jiuchenggong">Search at Toyo Bunko Archive</a></td></tr><tr><th>九成宮</th><td><a href="http://dsr.nii.ac.jp/cgi-bin/toyobunko/geta_search.pl?sn=all&lang=en&input=%E4%B9%9D%E6%88%90%E5%AE%AE">Search at Toyo Bunko Archive</a></td></tr></table>]]>
</description>
        </Placemark>
        <Placemark>
          <name>ningbo</name>
          <visibility>1</visibility>
          <Point>
            <coordinates>121.551219,29.862321000000001,0</coordinates>
          </Point>
          <description>
<![CDATA[
<hr/><h2>Geographic Coordinates</h2><dl><dt>Latitude : 29.862321000000001</dt><dt>Longitude : 121.551219</dt></dl><h2>List of Placenames</h2><table border="1"><tr><th>ningbo</th><td><a href="http://dsr.nii.ac.jp/cgi-bin/toyobunko/geta_search.pl?sn=all&lang=en&input=ningbo">Search at Toyo Bunko Archive</a></td></tr><tr><th>寧波</th><td><a href="http://dsr.nii.ac.jp/cgi-bin/toyobunko/geta_search.pl?sn=all&lang=en&input=%E5%AF%A7%E6%B3%A2">Search at Toyo Bunko Archive</a></td></tr></table>]]>
</description>
        </Placemark>
        <Placemark>
          <name>quanzhou</name>
          <visibility>1</visibility>
          <Point>
            <coordinates>118.583601,24.897501999999999,0</coordinates>
          </Point>
          <description>
<![CDATA[
<hr/><h2>Geographic Coordinates</h2><dl><dt>Latitude : 24.897501999999999</dt><dt>Longitude : 118.583601</dt></dl><h2>List of Placenames</h2><table border="1"><tr><th>quanzhou</th><td><a href="http://dsr.nii.ac.jp/cgi-bin/toyobunko/geta_search.pl?sn=all&lang=en&input=quanzhou">Search at Toyo Bunko Archive</a></td></tr><tr><th>泉州</th><td><a href="http://dsr.nii.ac.jp/cgi-bin/toyobunko/geta_search.pl?sn=all&lang=en&input=%E6%B3%89%E5%B7%9E">Search at Toyo Bunko Archive</a></td></tr></table>]]>
</description>
        </Placemark>
        <Placemark>
          <name>kunming</name>
          <visibility>1</visibility>
          <Point>
            <coordinates>102.720446,25.013781000000002,0</coordinates>
          </Point>
          <description>
<![CDATA[
<hr/><h2>Geographic Coordinates</h2><dl><dt>Latitude : 25.013781000000002</dt><dt>Longitude : 102.720446</dt></dl><h2>List of Placenames</h2><table border="1"><tr><th>kunming</th><td><a href="http://dsr.nii.ac.jp/cgi-bin/toyobunko/geta_search.pl?sn=all&lang=en&input=kunming">Search at Toyo Bunko Archive</a></td></tr><tr><th>昆明</th><td><a href="http://dsr.nii.ac.jp/cgi-bin/toyobunko/geta_search.pl?sn=all&lang=en&input=%E6%98%86%E6%98%8E">Search at Toyo Bunko Archive</a></td></tr></table>]]>
</description>
        </Placemark>
        <Placemark>
          <name>taiyuan</name>
          <visibility>1</visibility>
          <Point>
            <coordinates>112.54001100000001,37.891632000000001,0</coordinates>
          </Point>
          <description>
<![CDATA[
<hr/><h2>Geographic Coordinates</h2><dl><dt>Latitude : 37.891632000000001</dt><dt>Longitude : 112.54001100000001</dt></dl><h2>List of Placenames</h2><table border="1"><tr><th>taiyuan</th><td><a href="http://dsr.nii.ac.jp/cgi-bin/toyobunko/geta_search.pl?sn=all&lang=en&input=taiyuan">Search at Toyo Bunko Archive</a></td></tr><tr><th>太原</th><td><a href="http://dsr.nii.ac.jp/cgi-bin/toyobunko/geta_search.pl?sn=all&lang=en&input=%E5%A4%AA%E5%8E%9F">Search at Toyo Bunko Archive</a></td></tr></table>]]>
</description>
        </Placemark>
      </Folder>
      <Folder>
        <name>Serindia&#x5730;&#x540D;</name>
        <Placemark>
          <name>endere</name>
          <visibility>1</visibility>
          <Point>
            <coordinates>83.952821999999998,37.749428999999999,0</coordinates>
          </Point>
          <description>
<![CDATA[
<hr/><h2>Geographic Coordinates</h2><dl><dt>Latitude : 37.749428999999999</dt><dt>Longitude : 83.952821999999998</dt></dl><h2>List of Placenames</h2><table border="1"><tr><th>endere</th><td><a href="http://dsr.nii.ac.jp/cgi-bin/toyobunko/geta_search.pl?sn=all&lang=en&input=endere">Search at Toyo Bunko Archive</a></td></tr><tr><th>エンデレ</th><td><a href="http://dsr.nii.ac.jp/cgi-bin/toyobunko/geta_search.pl?sn=all&lang=en&input=%E3%82%A8%E3%83%B3%E3%83%87%E3%83%AC">Search at Toyo Bunko Archive</a></td></tr></table>]]>
</description>
        </Placemark>
        <Placemark>
          <name>yotkan</name>
          <visibility>1</visibility>
          <Point>
            <coordinates>79.875799999999998,37.130768000000003,0</coordinates>
          </Point>
          <description>
<![CDATA[
<hr/><h2>Geographic Coordinates</h2><dl><dt>Latitude : 37.130768000000003</dt><dt>Longitude : 79.875799999999998</dt></dl><h2>List of Placenames</h2><table border="1"><tr><th>yotkan</th><td><a href="http://dsr.nii.ac.jp/cgi-bin/toyobunko/geta_search.pl?sn=all&lang=en&input=yotkan">Search at Toyo Bunko Archive</a></td></tr><tr><th>ヨートカン</th><td><a href="http://dsr.nii.ac.jp/cgi-bin/toyobunko/geta_search.pl?sn=all&lang=en&input=%E3%83%A8%E3%83%BC%E3%83%88%E3%82%AB%E3%83%B3">Search at Toyo Bunko Archive</a></td></tr></table>]]>
</description>
        </Placemark>
        <Placemark>
          <name>karadong</name>
          <visibility>1</visibility>
          <Point>
            <coordinates>81.903380999999996,38.540092999999999,0</coordinates>
          </Point>
          <description>
<![CDATA[
<hr/><h2>Geographic Coordinates</h2><dl><dt>Latitude : 38.540092999999999</dt><dt>Longitude : 81.903380999999996</dt></dl><h2>List of Placenames</h2><table border="1"><tr><th>karadong</th><td><a href="http://dsr.nii.ac.jp/cgi-bin/toyobunko/geta_search.pl?sn=all&lang=en&input=karadong">Search at Toyo Bunko Archive</a></td></tr><tr><th>カラドゥン</th><td><a href="http://dsr.nii.ac.jp/cgi-bin/toyobunko/geta_search.pl?sn=all&lang=en&input=%E3%82%AB%E3%83%A9%E3%83%89%E3%82%A5%E3%83%B3">Search at Toyo Bunko Archive</a></td></tr></table>]]>
</description>
        </Placemark>
        <Placemark>
          <name>balawaste</name>
          <visibility>1</visibility>
          <Point>
            <coordinates>81.195019000000002,37.094220999999997,0</coordinates>
          </Point>
          <description>
<![CDATA[
<hr/><h2>Geographic Coordinates</h2><dl><dt>Latitude : 37.094220999999997</dt><dt>Longitude : 81.195019000000002</dt></dl><h2>List of Placenames</h2><table border="1"><tr><th>balawaste</th><td><a href="http://dsr.nii.ac.jp/cgi-bin/toyobunko/geta_search.pl?sn=all&lang=en&input=balawaste">Search at Toyo Bunko Archive</a></td></tr><tr><th>バラワステ</th><td><a href="http://dsr.nii.ac.jp/cgi-bin/toyobunko/geta_search.pl?sn=all&lang=en&input=%E3%83%90%E3%83%A9%E3%83%AF%E3%82%B9%E3%83%86">Search at Toyo Bunko Archive</a></td></tr></table>]]>
</description>
        </Placemark>
        <Placemark>
          <name>khedalik</name>
          <visibility>1</visibility>
          <Point>
            <coordinates>81.198691999999994,37.073256000000001,0</coordinates>
          </Point>
          <description>
<![CDATA[
<hr/><h2>Geographic Coordinates</h2><dl><dt>Latitude : 37.073256000000001</dt><dt>Longitude : 81.198691999999994</dt></dl><h2>List of Placenames</h2><table border="1"><tr><th>khedalik</th><td><a href="http://dsr.nii.ac.jp/cgi-bin/toyobunko/geta_search.pl?sn=all&lang=en&input=khedalik">Search at Toyo Bunko Archive</a></td></tr><tr><th>カダリク</th><td><a href="http://dsr.nii.ac.jp/cgi-bin/toyobunko/geta_search.pl?sn=all&lang=en&input=%E3%82%AB%E3%83%80%E3%83%AA%E3%82%AF">Search at Toyo Bunko Archive</a></td></tr></table>]]>
</description>
        </Placemark>
        <Placemark>
          <name>ancient site of 'loulan'</name>
          <visibility>1</visibility>
          <Point>
            <coordinates>89.865803999999997,40.535485000000001,0</coordinates>
          </Point>
          <description>
<![CDATA[
<hr/><h2>Geographic Coordinates</h2><dl><dt>Latitude : 40.535485000000001</dt><dt>Longitude : 89.865803999999997</dt></dl><h2>List of Placenames</h2><table border="1"><tr><th>ancient site of 'loulan'</th><td><a href="http://dsr.nii.ac.jp/cgi-bin/toyobunko/geta_search.pl?sn=all&lang=en&input=ancient%20site%20of%20'loulan'">Search at Toyo Bunko Archive</a></td></tr><tr><th>楼蘭</th><td><a href="http://dsr.nii.ac.jp/cgi-bin/toyobunko/geta_search.pl?sn=all&lang=en&input=%E6%A5%BC%E8%98%AD">Search at Toyo Bunko Archive</a></td></tr></table>]]>
</description>
        </Placemark>
        <Placemark>
          <name>chorchuk</name>
          <visibility>1</visibility>
          <Point>
            <coordinates>86.395702999999997,41.881157000000002,0</coordinates>
          </Point>
          <description>
<![CDATA[
<hr/><h2>Geographic Coordinates</h2><dl><dt>Latitude : 41.881157000000002</dt><dt>Longitude : 86.395702999999997</dt></dl><h2>List of Placenames</h2><table border="1"><tr><th>chorchuk</th><td><a href="http://dsr.nii.ac.jp/cgi-bin/toyobunko/geta_search.pl?sn=all&lang=en&input=chorchuk">Search at Toyo Bunko Archive</a></td></tr><tr><th>ショルチョク</th><td><a href="http://dsr.nii.ac.jp/cgi-bin/toyobunko/geta_search.pl?sn=all&lang=en&input=%E3%82%B7%E3%83%A7%E3%83%AB%E3%83%81%E3%83%A7%E3%82%AF">Search at Toyo Bunko Archive</a></td></tr></table>]]>
</description>
        </Placemark>
        <Placemark>
          <name>mingoi</name>
          <visibility>1</visibility>
          <Point>
            <coordinates>86.392099000000002,41.926865999999997,0</coordinates>
          </Point>
          <description>
<![CDATA[
<hr/><h2>Geographic Coordinates</h2><dl><dt>Latitude : 41.926865999999997</dt><dt>Longitude : 86.392099000000002</dt></dl><h2>List of Placenames</h2><table border="1"><tr><th>mingoi</th><td><a href="http://dsr.nii.ac.jp/cgi-bin/toyobunko/geta_search.pl?sn=all&lang=en&input=mingoi">Search at Toyo Bunko Archive</a></td></tr><tr><th>ミンウイ</th><td><a href="http://dsr.nii.ac.jp/cgi-bin/toyobunko/geta_search.pl?sn=all&lang=en&input=%E3%83%9F%E3%83%B3%E3%82%A6%E3%82%A4">Search at Toyo Bunko Archive</a></td></tr></table>]]>
</description>
        </Placemark>
        <Placemark>
          <name>shikchin</name>
          <visibility>1</visibility>
          <Point>
            <coordinates>86.373917000000006,41.969281000000002,0</coordinates>
          </Point>
          <description>
<![CDATA[
<hr/><h2>Geographic Coordinates</h2><dl><dt>Latitude : 41.969281000000002</dt><dt>Longitude : 86.373917000000006</dt></dl><h2>List of Placenames</h2><table border="1"><tr><th>shikchin</th><td><a href="http://dsr.nii.ac.jp/cgi-bin/toyobunko/geta_search.pl?sn=all&lang=en&input=shikchin">Search at Toyo Bunko Archive</a></td></tr><tr><th>シクシン</th><td><a href="http://dsr.nii.ac.jp/cgi-bin/toyobunko/geta_search.pl?sn=all&lang=en&input=%E3%82%B7%E3%82%AF%E3%82%B7%E3%83%B3">Search at Toyo Bunko Archive</a></td></tr></table>]]>
</description>
        </Placemark>
        <Placemark>
          <name>rawak</name>
          <visibility>1</visibility>
          <Point>
            <coordinates>80.129491999999999,37.344389,0</coordinates>
          </Point>
          <description>
<![CDATA[
<hr/><h2>Geographic Coordinates</h2><dl><dt>Latitude : 37.344389</dt><dt>Longitude : 80.129491999999999</dt></dl><h2>List of Placenames</h2><table border="1"><tr><th>rawak</th><td><a href="http://dsr.nii.ac.jp/cgi-bin/toyobunko/geta_search.pl?sn=all&lang=en&input=rawak">Search at Toyo Bunko Archive</a></td></tr><tr><th>ラワク</th><td><a href="http://dsr.nii.ac.jp/cgi-bin/toyobunko/geta_search.pl?sn=all&lang=en&input=%E3%83%A9%E3%83%AF%E3%82%AF">Search at Toyo Bunko Archive</a></td></tr></table>]]>
</description>
        </Placemark>
      </Folder>
      <Folder>
        <name>Innermost Asia &#x5730;&#x540D;</name>
        <Placemark>
          <name>duldulokur</name>
          <visibility>1</visibility>
          <Point>
            <coordinates>82.698244000000003,41.685186000000002,0</coordinates>
          </Point>
          <description>
<![CDATA[
<hr/><h2>Geographic Coordinates</h2><dl><dt>Latitude : 41.685186000000002</dt><dt>Longitude : 82.698244000000003</dt></dl><h2>List of Placenames</h2><table border="1"><tr><th>duldulokur</th><td><a href="http://dsr.nii.ac.jp/cgi-bin/toyobunko/geta_search.pl?sn=all&lang=en&input=duldulokur">Search at Toyo Bunko Archive</a></td></tr><tr><th>ドゥルドゥル・アクル</th><td><a href="http://dsr.nii.ac.jp/cgi-bin/toyobunko/geta_search.pl?sn=all&lang=en&input=%E3%83%89%E3%82%A5%E3%83%AB%E3%83%89%E3%82%A5%E3%83%AB%E3%83%BB%E3%82%A2%E3%82%AF%E3%83%AB">Search at Toyo Bunko Archive</a></td></tr></table>]]>
</description>
        </Placemark>
        <Placemark>
          <name>gilgit</name>
          <visibility>1</visibility>
          <Point>
            <coordinates>74.301143999999994,35.917112000000003,0</coordinates>
          </Point>
          <description>
<![CDATA[
<hr/><h2>Geographic Coordinates</h2><dl><dt>Latitude : 35.917112000000003</dt><dt>Longitude : 74.301143999999994</dt></dl><h2>List of Placenames</h2><table border="1"><tr><th>gilgit</th><td><a href="http://dsr.nii.ac.jp/cgi-bin/toyobunko/geta_search.pl?sn=all&lang=en&input=gilgit">Search at Toyo Bunko Archive</a></td></tr><tr><th>ギルギット</th><td><a href="http://dsr.nii.ac.jp/cgi-bin/toyobunko/geta_search.pl?sn=all&lang=en&input=%E3%82%AE%E3%83%AB%E3%82%AE%E3%83%83%E3%83%88">Search at Toyo Bunko Archive</a></td></tr></table>]]>
</description>
        </Placemark>
        <Placemark>
          <name>kizil mingoi</name>
          <visibility>1</visibility>
          <Point>
            <coordinates>82.458539000000002,41.785262000000003,0</coordinates>
          </Point>
          <description>
<![CDATA[
<hr/><h2>Geographic Coordinates</h2><dl><dt>Latitude : 41.785262000000003</dt><dt>Longitude : 82.458539000000002</dt></dl><h2>List of Placenames</h2><table border="1"><tr><th>kizil mingoi</th><td><a href="http://dsr.nii.ac.jp/cgi-bin/toyobunko/geta_search.pl?sn=all&lang=en&input=kizil%20mingoi">Search at Toyo Bunko Archive</a></td></tr><tr><th>キジル石窟</th><td><a href="http://dsr.nii.ac.jp/cgi-bin/toyobunko/geta_search.pl?sn=all&lang=en&input=%E3%82%AD%E3%82%B8%E3%83%AB%E7%9F%B3%E7%AA%9F">Search at Toyo Bunko Archive</a></td></tr><tr><th>kizil mingöi</th><td><a href="http://dsr.nii.ac.jp/cgi-bin/toyobunko/geta_search.pl?sn=all&lang=en&input=kizil%20ming%C3%B6i">Search at Toyo Bunko Archive</a></td></tr></table>]]>
</description>
        </Placemark>
      </Folder>
      <Folder>
        <name>&#x30C1;&#x30D9;&#x30C3;&#x30C8;</name>
        <Placemark>
          <name>lhasa</name>
          <visibility>1</visibility>
          <Point>
            <coordinates>91.125836000000007,29.676541,0</coordinates>
          </Point>
          <description>
<![CDATA[
<hr/><h2>Geographic Coordinates</h2><dl><dt>Latitude : 29.676541</dt><dt>Longitude : 91.125836000000007</dt></dl><h2>List of Placenames</h2><table border="1"><tr><th>lhasa</th><td><a href="http://dsr.nii.ac.jp/cgi-bin/toyobunko/geta_search.pl?sn=all&lang=en&input=lhasa">Search at Toyo Bunko Archive</a></td></tr><tr><th>ラサ</th><td><a href="http://dsr.nii.ac.jp/cgi-bin/toyobunko/geta_search.pl?sn=all&lang=en&input=%E3%83%A9%E3%82%B5">Search at Toyo Bunko Archive</a></td></tr><tr><th>拉薩</th><td><a href="http://dsr.nii.ac.jp/cgi-bin/toyobunko/geta_search.pl?sn=all&lang=en&input=%E6%8B%89%E8%96%A9">Search at Toyo Bunko Archive</a></td></tr></table>]]>
</description>
        </Placemark>
      </Folder>
      <Folder>
        <name>&#x30D1;&#x30DF;&#x30FC;&#x30EB;</name>
        <Placemark>
          <name>khunjerab pass</name>
          <visibility>1</visibility>
          <Point>
            <coordinates>75.427059,36.855907000000002,0</coordinates>
          </Point>
          <description>
<![CDATA[
<hr/><h2>Geographic Coordinates</h2><dl><dt>Latitude : 36.855907000000002</dt><dt>Longitude : 75.427059</dt></dl><h2>List of Placenames</h2><table border="1"><tr><th>khunjerab pass</th><td><a href="http://dsr.nii.ac.jp/cgi-bin/toyobunko/geta_search.pl?sn=all&lang=en&input=khunjerab%20pass">Search at Toyo Bunko Archive</a></td></tr><tr><th>クンジュラブ峠</th><td><a href="http://dsr.nii.ac.jp/cgi-bin/toyobunko/geta_search.pl?sn=all&lang=en&input=%E3%82%AF%E3%83%B3%E3%82%B8%E3%83%A5%E3%83%A9%E3%83%96%E5%B3%A0">Search at Toyo Bunko Archive</a></td></tr></table>]]>
</description>
        </Placemark>
        <Placemark>
          <name>t&#x101;shkurgh&#x101;n</name>
          <visibility>1</visibility>
          <Point>
            <coordinates>75.353853000000001,37.387675999999999,0</coordinates>
          </Point>
          <description>
<![CDATA[
<hr/><h2>Geographic Coordinates</h2><dl><dt>Latitude : 37.387675999999999</dt><dt>Longitude : 75.353853000000001</dt></dl><h2>List of Placenames</h2><table border="1"><tr><th>tāshkurghān</th><td><a href="http://dsr.nii.ac.jp/cgi-bin/toyobunko/geta_search.pl?sn=all&lang=en&input=t%C4%81shkurgh%C4%81n">Search at Toyo Bunko Archive</a></td></tr><tr><th>タシュクルガン</th><td><a href="http://dsr.nii.ac.jp/cgi-bin/toyobunko/geta_search.pl?sn=all&lang=en&input=%E3%82%BF%E3%82%B7%E3%83%A5%E3%82%AF%E3%83%AB%E3%82%AC%E3%83%B3">Search at Toyo Bunko Archive</a></td></tr></table>]]>
</description>
        </Placemark>
      </Folder>
      <Folder>
        <name>&#x897F;&#x57DF;&#x5357;&#x9053;</name>
        <Placemark>
          <name>niya site</name>
          <visibility>1</visibility>
          <Point>
            <coordinates>82.720611000000005,37.976166999999997,0</coordinates>
          </Point>
          <description>
<![CDATA[
<hr/><h2>Geographic Coordinates</h2><dl><dt>Latitude : 37.976166999999997</dt><dt>Longitude : 82.720611000000005</dt></dl><h2>List of Placenames</h2><table border="1"><tr><th>niya site</th><td><a href="http://dsr.nii.ac.jp/cgi-bin/toyobunko/geta_search.pl?sn=all&lang=en&input=niya%20site">Search at Toyo Bunko Archive</a></td></tr><tr><th>ニヤ遺址</th><td><a href="http://dsr.nii.ac.jp/cgi-bin/toyobunko/geta_search.pl?sn=all&lang=en&input=%E3%83%8B%E3%83%A4%E9%81%BA%E5%9D%80">Search at Toyo Bunko Archive</a></td></tr></table>]]>
</description>
        </Placemark>
        <Placemark>
          <name>charchan</name>
          <visibility>1</visibility>
          <Point>
            <coordinates>85.522609000000003,38.130493000000001,0</coordinates>
          </Point>
          <description>
<![CDATA[
<hr/><h2>Geographic Coordinates</h2><dl><dt>Latitude : 38.130493000000001</dt><dt>Longitude : 85.522609000000003</dt></dl><h2>List of Placenames</h2><table border="1"><tr><th>charchan</th><td><a href="http://dsr.nii.ac.jp/cgi-bin/toyobunko/geta_search.pl?sn=all&lang=en&input=charchan">Search at Toyo Bunko Archive</a></td></tr><tr><th>チェルチェン</th><td><a href="http://dsr.nii.ac.jp/cgi-bin/toyobunko/geta_search.pl?sn=all&lang=en&input=%E3%83%81%E3%82%A7%E3%83%AB%E3%83%81%E3%82%A7%E3%83%B3">Search at Toyo Bunko Archive</a></td></tr><tr><th>qiemo</th><td><a href="http://dsr.nii.ac.jp/cgi-bin/toyobunko/geta_search.pl?sn=all&lang=en&input=qiemo">Search at Toyo Bunko Archive</a></td></tr><tr><th>且末</th><td><a href="http://dsr.nii.ac.jp/cgi-bin/toyobunko/geta_search.pl?sn=all&lang=en&input=%E4%B8%94%E6%9C%AB">Search at Toyo Bunko Archive</a></td></tr></table>]]>
</description>
        </Placemark>
        <Placemark>
          <name>miran</name>
          <visibility>1</visibility>
          <Point>
            <coordinates>88.913482000000002,39.239325000000001,0</coordinates>
          </Point>
          <description>
<![CDATA[
<hr/><h2>Geographic Coordinates</h2><dl><dt>Latitude : 39.239325000000001</dt><dt>Longitude : 88.913482000000002</dt></dl><h2>List of Placenames</h2><table border="1"><tr><th>miran</th><td><a href="http://dsr.nii.ac.jp/cgi-bin/toyobunko/geta_search.pl?sn=all&lang=en&input=miran">Search at Toyo Bunko Archive</a></td></tr><tr><th>ミーラン</th><td><a href="http://dsr.nii.ac.jp/cgi-bin/toyobunko/geta_search.pl?sn=all&lang=en&input=%E3%83%9F%E3%83%BC%E3%83%A9%E3%83%B3">Search at Toyo Bunko Archive</a></td></tr><tr><th>mīrān</th><td><a href="http://dsr.nii.ac.jp/cgi-bin/toyobunko/geta_search.pl?sn=all&lang=en&input=m%C4%ABr%C4%81n">Search at Toyo Bunko Archive</a></td></tr><tr><th>米蘭</th><td><a href="http://dsr.nii.ac.jp/cgi-bin/toyobunko/geta_search.pl?sn=all&lang=en&input=%E7%B1%B3%E8%98%AD">Search at Toyo Bunko Archive</a></td></tr></table>]]>
</description>
        </Placemark>
        <Placemark>
          <name>charkhlik</name>
          <visibility>1</visibility>
          <Point>
            <coordinates>88.166325000000001,39.021222000000002,0</coordinates>
          </Point>
          <description>
<![CDATA[
<hr/><h2>Geographic Coordinates</h2><dl><dt>Latitude : 39.021222000000002</dt><dt>Longitude : 88.166325000000001</dt></dl><h2>List of Placenames</h2><table border="1"><tr><th>charkhlik</th><td><a href="http://dsr.nii.ac.jp/cgi-bin/toyobunko/geta_search.pl?sn=all&lang=en&input=charkhlik">Search at Toyo Bunko Archive</a></td></tr><tr><th>チャルクリク</th><td><a href="http://dsr.nii.ac.jp/cgi-bin/toyobunko/geta_search.pl?sn=all&lang=en&input=%E3%83%81%E3%83%A3%E3%83%AB%E3%82%AF%E3%83%AA%E3%82%AF">Search at Toyo Bunko Archive</a></td></tr><tr><th>ruoqiang</th><td><a href="http://dsr.nii.ac.jp/cgi-bin/toyobunko/geta_search.pl?sn=all&lang=en&input=ruoqiang">Search at Toyo Bunko Archive</a></td></tr><tr><th>若羌</th><td><a href="http://dsr.nii.ac.jp/cgi-bin/toyobunko/geta_search.pl?sn=all&lang=en&input=%E8%8B%A5%E7%BE%8C">Search at Toyo Bunko Archive</a></td></tr></table>]]>
</description>
        </Placemark>
        <Placemark>
          <name>maz&#x101;rt&#x101;gh</name>
          <visibility>1</visibility>
          <Point>
            <coordinates>80.862711000000004,38.450634999999998,0</coordinates>
          </Point>
          <description>
<![CDATA[
<hr/><h2>Geographic Coordinates</h2><dl><dt>Latitude : 38.450634999999998</dt><dt>Longitude : 80.862711000000004</dt></dl><h2>List of Placenames</h2><table border="1"><tr><th>mazārtāgh</th><td><a href="http://dsr.nii.ac.jp/cgi-bin/toyobunko/geta_search.pl?sn=all&lang=en&input=maz%C4%81rt%C4%81gh">Search at Toyo Bunko Archive</a></td></tr><tr><th>マザール・ターグ</th><td><a href="http://dsr.nii.ac.jp/cgi-bin/toyobunko/geta_search.pl?sn=all&lang=en&input=%E3%83%9E%E3%82%B6%E3%83%BC%E3%83%AB%E3%83%BB%E3%82%BF%E3%83%BC%E3%82%B0">Search at Toyo Bunko Archive</a></td></tr></table>]]>
</description>
        </Placemark>
        <Placemark>
          <name>lop lake</name>
          <visibility>1</visibility>
          <Point>
            <coordinates>90.568455,40.130980000000001,0</coordinates>
          </Point>
          <description>
<![CDATA[
<hr/><h2>Geographic Coordinates</h2><dl><dt>Latitude : 40.130980000000001</dt><dt>Longitude : 90.568455</dt></dl><h2>List of Placenames</h2><table border="1"><tr><th>lop lake</th><td><a href="http://dsr.nii.ac.jp/cgi-bin/toyobunko/geta_search.pl?sn=all&lang=en&input=lop%20lake">Search at Toyo Bunko Archive</a></td></tr><tr><th>ロプ・ノール</th><td><a href="http://dsr.nii.ac.jp/cgi-bin/toyobunko/geta_search.pl?sn=all&lang=en&input=%E3%83%AD%E3%83%97%E3%83%BB%E3%83%8E%E3%83%BC%E3%83%AB">Search at Toyo Bunko Archive</a></td></tr></table>]]>
</description>
        </Placemark>
        <Placemark>
          <name>khotan</name>
          <visibility>1</visibility>
          <Point>
            <coordinates>79.979979,37.060903000000003,0</coordinates>
          </Point>
          <description>
<![CDATA[
<hr/><h2>Geographic Coordinates</h2><dl><dt>Latitude : 37.060903000000003</dt><dt>Longitude : 79.979979</dt></dl><h2>List of Placenames</h2><table border="1"><tr><th>khotan</th><td><a href="http://dsr.nii.ac.jp/cgi-bin/toyobunko/geta_search.pl?sn=all&lang=en&input=khotan">Search at Toyo Bunko Archive</a></td></tr><tr><th>ホータン</th><td><a href="http://dsr.nii.ac.jp/cgi-bin/toyobunko/geta_search.pl?sn=all&lang=en&input=%E3%83%9B%E3%83%BC%E3%82%BF%E3%83%B3">Search at Toyo Bunko Archive</a></td></tr><tr><th>和田</th><td><a href="http://dsr.nii.ac.jp/cgi-bin/toyobunko/geta_search.pl?sn=all&lang=en&input=%E5%92%8C%E7%94%B0">Search at Toyo Bunko Archive</a></td></tr></table>]]>
</description>
        </Placemark>
        <Placemark>
          <name>y&#x101;rkand</name>
          <visibility>1</visibility>
          <Point>
            <coordinates>77.246656000000002,38.413663,0</coordinates>
          </Point>
          <description>
<![CDATA[
<hr/><h2>Geographic Coordinates</h2><dl><dt>Latitude : 38.413663</dt><dt>Longitude : 77.246656000000002</dt></dl><h2>List of Placenames</h2><table border="1"><tr><th>yārkand</th><td><a href="http://dsr.nii.ac.jp/cgi-bin/toyobunko/geta_search.pl?sn=all&lang=en&input=y%C4%81rkand">Search at Toyo Bunko Archive</a></td></tr><tr><th>ヤルカンド</th><td><a href="http://dsr.nii.ac.jp/cgi-bin/toyobunko/geta_search.pl?sn=all&lang=en&input=%E3%83%A4%E3%83%AB%E3%82%AB%E3%83%B3%E3%83%89">Search at Toyo Bunko Archive</a></td></tr><tr><th>shache</th><td><a href="http://dsr.nii.ac.jp/cgi-bin/toyobunko/geta_search.pl?sn=all&lang=en&input=shache">Search at Toyo Bunko Archive</a></td></tr><tr><th>莎車</th><td><a href="http://dsr.nii.ac.jp/cgi-bin/toyobunko/geta_search.pl?sn=all&lang=en&input=%E8%8E%8E%E8%BB%8A">Search at Toyo Bunko Archive</a></td></tr></table>]]>
</description>
        </Placemark>
        <Placemark>
          <name>waxxari</name>
          <visibility>1</visibility>
          <Point>
            <coordinates>87.372781000000003,38.684336000000002,0</coordinates>
          </Point>
          <description>
<![CDATA[
<hr/><h2>Geographic Coordinates</h2><dl><dt>Latitude : 38.684336000000002</dt><dt>Longitude : 87.372781000000003</dt></dl><h2>List of Placenames</h2><table border="1"><tr><th>waxxari</th><td><a href="http://dsr.nii.ac.jp/cgi-bin/toyobunko/geta_search.pl?sn=all&lang=en&input=waxxari">Search at Toyo Bunko Archive</a></td></tr><tr><th>ワシュシャリ</th><td><a href="http://dsr.nii.ac.jp/cgi-bin/toyobunko/geta_search.pl?sn=all&lang=en&input=%E3%83%AF%E3%82%B7%E3%83%A5%E3%82%B7%E3%83%A3%E3%83%AA">Search at Toyo Bunko Archive</a></td></tr><tr><th>vāshshahri</th><td><a href="http://dsr.nii.ac.jp/cgi-bin/toyobunko/geta_search.pl?sn=all&lang=en&input=v%C4%81shshahri">Search at Toyo Bunko Archive</a></td></tr></table>]]>
</description>
        </Placemark>
        <Placemark>
          <name>mingfeng</name>
          <visibility>1</visibility>
          <Point>
            <coordinates>82.672389999999993,37.062869999999997,0</coordinates>
          </Point>
          <description>
<![CDATA[
<hr/><h2>Geographic Coordinates</h2><dl><dt>Latitude : 37.062869999999997</dt><dt>Longitude : 82.672389999999993</dt></dl><h2>List of Placenames</h2><table border="1"><tr><th>mingfeng</th><td><a href="http://dsr.nii.ac.jp/cgi-bin/toyobunko/geta_search.pl?sn=all&lang=en&input=mingfeng">Search at Toyo Bunko Archive</a></td></tr><tr><th>ミンフォン</th><td><a href="http://dsr.nii.ac.jp/cgi-bin/toyobunko/geta_search.pl?sn=all&lang=en&input=%E3%83%9F%E3%83%B3%E3%83%95%E3%82%A9%E3%83%B3">Search at Toyo Bunko Archive</a></td></tr><tr><th>niya</th><td><a href="http://dsr.nii.ac.jp/cgi-bin/toyobunko/geta_search.pl?sn=all&lang=en&input=niya">Search at Toyo Bunko Archive</a></td></tr><tr><th>民豊:ニヤ</th><td><a href="http://dsr.nii.ac.jp/cgi-bin/toyobunko/geta_search.pl?sn=all&lang=en&input=%E6%B0%91%E8%B1%8A%3A%E3%83%8B%E3%83%A4">Search at Toyo Bunko Archive</a></td></tr></table>]]>
</description>
        </Placemark>
        <Placemark>
          <name>yecheng</name>
          <visibility>1</visibility>
          <Point>
            <coordinates>77.410749999999993,37.880246999999997,0</coordinates>
          </Point>
          <description>
<![CDATA[
<hr/><h2>Geographic Coordinates</h2><dl><dt>Latitude : 37.880246999999997</dt><dt>Longitude : 77.410749999999993</dt></dl><h2>List of Placenames</h2><table border="1"><tr><th>yecheng</th><td><a href="http://dsr.nii.ac.jp/cgi-bin/toyobunko/geta_search.pl?sn=all&lang=en&input=yecheng">Search at Toyo Bunko Archive</a></td></tr><tr><th>葉城</th><td><a href="http://dsr.nii.ac.jp/cgi-bin/toyobunko/geta_search.pl?sn=all&lang=en&input=%E8%91%89%E5%9F%8E">Search at Toyo Bunko Archive</a></td></tr><tr><th>karghalik</th><td><a href="http://dsr.nii.ac.jp/cgi-bin/toyobunko/geta_search.pl?sn=all&lang=en&input=karghalik">Search at Toyo Bunko Archive</a></td></tr><tr><th>カルガリク</th><td><a href="http://dsr.nii.ac.jp/cgi-bin/toyobunko/geta_search.pl?sn=all&lang=en&input=%E3%82%AB%E3%83%AB%E3%82%AC%E3%83%AA%E3%82%AF">Search at Toyo Bunko Archive</a></td></tr></table>]]>
</description>
        </Placemark>
        <Placemark>
          <name>yutian</name>
          <visibility>1</visibility>
          <Point>
            <coordinates>81.659271000000004,36.849299000000002,0</coordinates>
          </Point>
          <description>
<![CDATA[
<hr/><h2>Geographic Coordinates</h2><dl><dt>Latitude : 36.849299000000002</dt><dt>Longitude : 81.659271000000004</dt></dl><h2>List of Placenames</h2><table border="1"><tr><th>yutian</th><td><a href="http://dsr.nii.ac.jp/cgi-bin/toyobunko/geta_search.pl?sn=all&lang=en&input=yutian">Search at Toyo Bunko Archive</a></td></tr><tr><th>于田</th><td><a href="http://dsr.nii.ac.jp/cgi-bin/toyobunko/geta_search.pl?sn=all&lang=en&input=%E4%BA%8E%E7%94%B0">Search at Toyo Bunko Archive</a></td></tr><tr><th>keriya</th><td><a href="http://dsr.nii.ac.jp/cgi-bin/toyobunko/geta_search.pl?sn=all&lang=en&input=keriya">Search at Toyo Bunko Archive</a></td></tr><tr><th>ケリヤ</th><td><a href="http://dsr.nii.ac.jp/cgi-bin/toyobunko/geta_search.pl?sn=all&lang=en&input=%E3%82%B1%E3%83%AA%E3%83%A4">Search at Toyo Bunko Archive</a></td></tr></table>]]>
</description>
        </Placemark>
        <Placemark>
          <name>pishan</name>
          <visibility>1</visibility>
          <Point>
            <coordinates>78.269767999999999,37.61748,0</coordinates>
          </Point>
          <description>
<![CDATA[
<hr/><h2>Geographic Coordinates</h2><dl><dt>Latitude : 37.61748</dt><dt>Longitude : 78.269767999999999</dt></dl><h2>List of Placenames</h2><table border="1"><tr><th>pishan</th><td><a href="http://dsr.nii.ac.jp/cgi-bin/toyobunko/geta_search.pl?sn=all&lang=en&input=pishan">Search at Toyo Bunko Archive</a></td></tr><tr><th>皮山</th><td><a href="http://dsr.nii.ac.jp/cgi-bin/toyobunko/geta_search.pl?sn=all&lang=en&input=%E7%9A%AE%E5%B1%B1">Search at Toyo Bunko Archive</a></td></tr><tr><th>gūma</th><td><a href="http://dsr.nii.ac.jp/cgi-bin/toyobunko/geta_search.pl?sn=all&lang=en&input=g%C5%ABma">Search at Toyo Bunko Archive</a></td></tr><tr><th>グマ</th><td><a href="http://dsr.nii.ac.jp/cgi-bin/toyobunko/geta_search.pl?sn=all&lang=en&input=%E3%82%B0%E3%83%9E">Search at Toyo Bunko Archive</a></td></tr></table>]]>
</description>
        </Placemark>
      </Folder>
      <Folder>
        <name>&#x5929;&#x5C71;&#x5357;&#x8DEF;</name>
        <Placemark>
          <name>kizil mingoi</name>
          <visibility>1</visibility>
          <Point>
            <coordinates>82.503066000000004,41.780600999999997,0</coordinates>
          </Point>
          <description>
<![CDATA[
<hr/><h2>Geographic Coordinates</h2><dl><dt>Latitude : 41.780600999999997</dt><dt>Longitude : 82.503066000000004</dt></dl><h2>List of Placenames</h2><table border="1"><tr><th>kizil mingoi</th><td><a href="http://dsr.nii.ac.jp/cgi-bin/toyobunko/geta_search.pl?sn=all&lang=en&input=kizil%20mingoi">Search at Toyo Bunko Archive</a></td></tr><tr><th>キジル石窟</th><td><a href="http://dsr.nii.ac.jp/cgi-bin/toyobunko/geta_search.pl?sn=all&lang=en&input=%E3%82%AD%E3%82%B8%E3%83%AB%E7%9F%B3%E7%AA%9F">Search at Toyo Bunko Archive</a></td></tr></table>]]>
</description>
        </Placemark>
        <Placemark>
          <name>tumshuk</name>
          <visibility>1</visibility>
          <Point>
            <coordinates>78.953384,39.964236,0</coordinates>
          </Point>
          <description>
<![CDATA[
<hr/><h2>Geographic Coordinates</h2><dl><dt>Latitude : 39.964236</dt><dt>Longitude : 78.953384</dt></dl><h2>List of Placenames</h2><table border="1"><tr><th>tumshuk</th><td><a href="http://dsr.nii.ac.jp/cgi-bin/toyobunko/geta_search.pl?sn=all&lang=en&input=tumshuk">Search at Toyo Bunko Archive</a></td></tr><tr><th>トムシュク</th><td><a href="http://dsr.nii.ac.jp/cgi-bin/toyobunko/geta_search.pl?sn=all&lang=en&input=%E3%83%88%E3%83%A0%E3%82%B7%E3%83%A5%E3%82%AF">Search at Toyo Bunko Archive</a></td></tr></table>]]>
</description>
        </Placemark>
        <Placemark>
          <name>sirkip</name>
          <visibility>1</visibility>
          <Point>
            <coordinates>89.866857999999993,42.832768999999999,0</coordinates>
          </Point>
          <description>
<![CDATA[
<hr/><h2>Geographic Coordinates</h2><dl><dt>Latitude : 42.832768999999999</dt><dt>Longitude : 89.866857999999993</dt></dl><h2>List of Placenames</h2><table border="1"><tr><th>sirkip</th><td><a href="http://dsr.nii.ac.jp/cgi-bin/toyobunko/geta_search.pl?sn=all&lang=en&input=sirkip">Search at Toyo Bunko Archive</a></td></tr><tr><th>シルキップ</th><td><a href="http://dsr.nii.ac.jp/cgi-bin/toyobunko/geta_search.pl?sn=all&lang=en&input=%E3%82%B7%E3%83%AB%E3%82%AD%E3%83%83%E3%83%97">Search at Toyo Bunko Archive</a></td></tr><tr><th>色爾克普</th><td><a href="http://dsr.nii.ac.jp/cgi-bin/toyobunko/geta_search.pl?sn=all&lang=en&input=%E8%89%B2%E7%88%BE%E5%85%8B%E6%99%AE">Search at Toyo Bunko Archive</a></td></tr></table>]]>
</description>
        </Placemark>
        <Placemark>
          <name>kolra</name>
          <visibility>1</visibility>
          <Point>
            <coordinates>86.139551999999995,41.755623,0</coordinates>
          </Point>
          <description>
<![CDATA[
<hr/><h2>Geographic Coordinates</h2><dl><dt>Latitude : 41.755623</dt><dt>Longitude : 86.139551999999995</dt></dl><h2>List of Placenames</h2><table border="1"><tr><th>kolra</th><td><a href="http://dsr.nii.ac.jp/cgi-bin/toyobunko/geta_search.pl?sn=all&lang=en&input=kolra">Search at Toyo Bunko Archive</a></td></tr><tr><th>コルラ</th><td><a href="http://dsr.nii.ac.jp/cgi-bin/toyobunko/geta_search.pl?sn=all&lang=en&input=%E3%82%B3%E3%83%AB%E3%83%A9">Search at Toyo Bunko Archive</a></td></tr></table>]]>
</description>
        </Placemark>
        <Placemark>
          <name>astana</name>
          <visibility>1</visibility>
          <Point>
            <coordinates>89.524601000000004,42.880270000000003,0</coordinates>
          </Point>
          <description>
<![CDATA[
<hr/><h2>Geographic Coordinates</h2><dl><dt>Latitude : 42.880270000000003</dt><dt>Longitude : 89.524601000000004</dt></dl><h2>List of Placenames</h2><table border="1"><tr><th>astana</th><td><a href="http://dsr.nii.ac.jp/cgi-bin/toyobunko/geta_search.pl?sn=all&lang=en&input=astana">Search at Toyo Bunko Archive</a></td></tr><tr><th>アスターナ古墳群</th><td><a href="http://dsr.nii.ac.jp/cgi-bin/toyobunko/geta_search.pl?sn=all&lang=en&input=%E3%82%A2%E3%82%B9%E3%82%BF%E3%83%BC%E3%83%8A%E5%8F%A4%E5%A2%B3%E7%BE%A4">Search at Toyo Bunko Archive</a></td></tr><tr><th>astāna</th><td><a href="http://dsr.nii.ac.jp/cgi-bin/toyobunko/geta_search.pl?sn=all&lang=en&input=ast%C4%81na">Search at Toyo Bunko Archive</a></td></tr><tr><th>阿斯塔那古墳群</th><td><a href="http://dsr.nii.ac.jp/cgi-bin/toyobunko/geta_search.pl?sn=all&lang=en&input=%E9%98%BF%E6%96%AF%E5%A1%94%E9%82%A3%E5%8F%A4%E5%A2%B3%E7%BE%A4">Search at Toyo Bunko Archive</a></td></tr></table>]]>
</description>
        </Placemark>
        <Placemark>
          <name>shanshan</name>
          <visibility>1</visibility>
          <Point>
            <coordinates>90.209530000000001,42.862425999999999,0</coordinates>
          </Point>
          <description>
<![CDATA[
<hr/><h2>Geographic Coordinates</h2><dl><dt>Latitude : 42.862425999999999</dt><dt>Longitude : 90.209530000000001</dt></dl><h2>List of Placenames</h2><table border="1"><tr><th>shanshan</th><td><a href="http://dsr.nii.ac.jp/cgi-bin/toyobunko/geta_search.pl?sn=all&lang=en&input=shanshan">Search at Toyo Bunko Archive</a></td></tr><tr><th>鄯善</th><td><a href="http://dsr.nii.ac.jp/cgi-bin/toyobunko/geta_search.pl?sn=all&lang=en&input=%E9%84%AF%E5%96%84">Search at Toyo Bunko Archive</a></td></tr><tr><th>p'ichan</th><td><a href="http://dsr.nii.ac.jp/cgi-bin/toyobunko/geta_search.pl?sn=all&lang=en&input=p'ichan">Search at Toyo Bunko Archive</a></td></tr></table>]]>
</description>
        </Placemark>
        <Placemark>
          <name>kumt&#x101;gh</name>
          <visibility>1</visibility>
          <Point>
            <coordinates>90.275160999999997,42.761859000000001,0</coordinates>
          </Point>
          <description>
<![CDATA[
<hr/><h2>Geographic Coordinates</h2><dl><dt>Latitude : 42.761859000000001</dt><dt>Longitude : 90.275160999999997</dt></dl><h2>List of Placenames</h2><table border="1"><tr><th>kumtāgh</th><td><a href="http://dsr.nii.ac.jp/cgi-bin/toyobunko/geta_search.pl?sn=all&lang=en&input=kumt%C4%81gh">Search at Toyo Bunko Archive</a></td></tr><tr><th>クム・タグ</th><td><a href="http://dsr.nii.ac.jp/cgi-bin/toyobunko/geta_search.pl?sn=all&lang=en&input=%E3%82%AF%E3%83%A0%E3%83%BB%E3%82%BF%E3%82%B0">Search at Toyo Bunko Archive</a></td></tr><tr><th>庫木塔格</th><td><a href="http://dsr.nii.ac.jp/cgi-bin/toyobunko/geta_search.pl?sn=all&lang=en&input=%E5%BA%AB%E6%9C%A8%E5%A1%94%E6%A0%BC">Search at Toyo Bunko Archive</a></td></tr></table>]]>
</description>
        </Placemark>
        <Placemark>
          <name>lukchin</name>
          <visibility>1</visibility>
          <Point>
            <coordinates>89.757704000000004,42.745238999999998,0</coordinates>
          </Point>
          <description>
<![CDATA[
<hr/><h2>Geographic Coordinates</h2><dl><dt>Latitude : 42.745238999999998</dt><dt>Longitude : 89.757704000000004</dt></dl><h2>List of Placenames</h2><table border="1"><tr><th>lukchin</th><td><a href="http://dsr.nii.ac.jp/cgi-bin/toyobunko/geta_search.pl?sn=all&lang=en&input=lukchin">Search at Toyo Bunko Archive</a></td></tr><tr><th>リュクチュン</th><td><a href="http://dsr.nii.ac.jp/cgi-bin/toyobunko/geta_search.pl?sn=all&lang=en&input=%E3%83%AA%E3%83%A5%E3%82%AF%E3%83%81%E3%83%A5%E3%83%B3">Search at Toyo Bunko Archive</a></td></tr><tr><th>lukchun</th><td><a href="http://dsr.nii.ac.jp/cgi-bin/toyobunko/geta_search.pl?sn=all&lang=en&input=lukchun">Search at Toyo Bunko Archive</a></td></tr><tr><th>魯克沁</th><td><a href="http://dsr.nii.ac.jp/cgi-bin/toyobunko/geta_search.pl?sn=all&lang=en&input=%E9%AD%AF%E5%85%8B%E6%B2%81">Search at Toyo Bunko Archive</a></td></tr></table>]]>
</description>
        </Placemark>
        <Placemark>
          <name>turfan</name>
          <visibility>1</visibility>
          <Point>
            <coordinates>89.177869999999999,42.949164000000003,0</coordinates>
          </Point>
          <description>
<![CDATA[
<hr/><h2>Geographic Coordinates</h2><dl><dt>Latitude : 42.949164000000003</dt><dt>Longitude : 89.177869999999999</dt></dl><h2>List of Placenames</h2><table border="1"><tr><th>turfan</th><td><a href="http://dsr.nii.ac.jp/cgi-bin/toyobunko/geta_search.pl?sn=all&lang=en&input=turfan">Search at Toyo Bunko Archive</a></td></tr><tr><th>トルファン</th><td><a href="http://dsr.nii.ac.jp/cgi-bin/toyobunko/geta_search.pl?sn=all&lang=en&input=%E3%83%88%E3%83%AB%E3%83%95%E3%82%A1%E3%83%B3">Search at Toyo Bunko Archive</a></td></tr><tr><th>turpan</th><td><a href="http://dsr.nii.ac.jp/cgi-bin/toyobunko/geta_search.pl?sn=all&lang=en&input=turpan">Search at Toyo Bunko Archive</a></td></tr><tr><th>吐魯番</th><td><a href="http://dsr.nii.ac.jp/cgi-bin/toyobunko/geta_search.pl?sn=all&lang=en&input=%E5%90%90%E9%AD%AF%E7%95%AA">Search at Toyo Bunko Archive</a></td></tr></table>]]>
</description>
        </Placemark>
        <Placemark>
          <name>toksun</name>
          <visibility>1</visibility>
          <Point>
            <coordinates>88.643817999999996,42.793838000000001,0</coordinates>
          </Point>
          <description>
<![CDATA[
<hr/><h2>Geographic Coordinates</h2><dl><dt>Latitude : 42.793838000000001</dt><dt>Longitude : 88.643817999999996</dt></dl><h2>List of Placenames</h2><table border="1"><tr><th>toksun</th><td><a href="http://dsr.nii.ac.jp/cgi-bin/toyobunko/geta_search.pl?sn=all&lang=en&input=toksun">Search at Toyo Bunko Archive</a></td></tr><tr><th>トクスン</th><td><a href="http://dsr.nii.ac.jp/cgi-bin/toyobunko/geta_search.pl?sn=all&lang=en&input=%E3%83%88%E3%82%AF%E3%82%B9%E3%83%B3">Search at Toyo Bunko Archive</a></td></tr><tr><th>特克沁</th><td><a href="http://dsr.nii.ac.jp/cgi-bin/toyobunko/geta_search.pl?sn=all&lang=en&input=%E7%89%B9%E5%85%8B%E6%B2%81">Search at Toyo Bunko Archive</a></td></tr></table>]]>
</description>
        </Placemark>
        <Placemark>
          <name>karakh&#x14D;ja</name>
          <visibility>1</visibility>
          <Point>
            <coordinates>89.527947999999995,42.852086,0</coordinates>
          </Point>
          <description>
<![CDATA[
<hr/><h2>Geographic Coordinates</h2><dl><dt>Latitude : 42.852086</dt><dt>Longitude : 89.527947999999995</dt></dl><h2>List of Placenames</h2><table border="1"><tr><th>karakhōja</th><td><a href="http://dsr.nii.ac.jp/cgi-bin/toyobunko/geta_search.pl?sn=all&lang=en&input=karakh%C5%8Dja">Search at Toyo Bunko Archive</a></td></tr><tr><th>カラホージャ</th><td><a href="http://dsr.nii.ac.jp/cgi-bin/toyobunko/geta_search.pl?sn=all&lang=en&input=%E3%82%AB%E3%83%A9%E3%83%9B%E3%83%BC%E3%82%B8%E3%83%A3">Search at Toyo Bunko Archive</a></td></tr><tr><th>高昌故城</th><td><a href="http://dsr.nii.ac.jp/cgi-bin/toyobunko/geta_search.pl?sn=all&lang=en&input=%E9%AB%98%E6%98%8C%E6%95%85%E5%9F%8E">Search at Toyo Bunko Archive</a></td></tr></table>]]>
</description>
        </Placemark>
        <Placemark>
          <name>baghrash lake</name>
          <visibility>1</visibility>
          <Point>
            <coordinates>86.868255000000005,41.949607,0</coordinates>
          </Point>
          <description>
<![CDATA[
<hr/><h2>Geographic Coordinates</h2><dl><dt>Latitude : 41.949607</dt><dt>Longitude : 86.868255000000005</dt></dl><h2>List of Placenames</h2><table border="1"><tr><th>baghrash lake</th><td><a href="http://dsr.nii.ac.jp/cgi-bin/toyobunko/geta_search.pl?sn=all&lang=en&input=baghrash%20lake">Search at Toyo Bunko Archive</a></td></tr><tr><th>ボステン湖</th><td><a href="http://dsr.nii.ac.jp/cgi-bin/toyobunko/geta_search.pl?sn=all&lang=en&input=%E3%83%9C%E3%82%B9%E3%83%86%E3%83%B3%E6%B9%96">Search at Toyo Bunko Archive</a></td></tr><tr><th>baghrashkol</th><td><a href="http://dsr.nii.ac.jp/cgi-bin/toyobunko/geta_search.pl?sn=all&lang=en&input=baghrashkol">Search at Toyo Bunko Archive</a></td></tr><tr><th>bosten hu</th><td><a href="http://dsr.nii.ac.jp/cgi-bin/toyobunko/geta_search.pl?sn=all&lang=en&input=bosten%20hu">Search at Toyo Bunko Archive</a></td></tr><tr><th>博斯騰湖</th><td><a href="http://dsr.nii.ac.jp/cgi-bin/toyobunko/geta_search.pl?sn=all&lang=en&input=%E5%8D%9A%E6%96%AF%E9%A8%B0%E6%B9%96">Search at Toyo Bunko Archive</a></td></tr></table>]]>
</description>
        </Placemark>
        <Placemark>
          <name>sengimaghiz</name>
          <visibility>1</visibility>
          <Point>
            <coordinates>89.555367000000004,42.909942999999998,0</coordinates>
          </Point>
          <description>
<![CDATA[
<hr/><h2>Geographic Coordinates</h2><dl><dt>Latitude : 42.909942999999998</dt><dt>Longitude : 89.555367000000004</dt></dl><h2>List of Placenames</h2><table border="1"><tr><th>sengimaghiz</th><td><a href="http://dsr.nii.ac.jp/cgi-bin/toyobunko/geta_search.pl?sn=all&lang=en&input=sengimaghiz">Search at Toyo Bunko Archive</a></td></tr><tr><th>センギム・アギズ</th><td><a href="http://dsr.nii.ac.jp/cgi-bin/toyobunko/geta_search.pl?sn=all&lang=en&input=%E3%82%BB%E3%83%B3%E3%82%AE%E3%83%A0%E3%83%BB%E3%82%A2%E3%82%AE%E3%82%BA">Search at Toyo Bunko Archive</a></td></tr><tr><th>sengimeghiz</th><td><a href="http://dsr.nii.ac.jp/cgi-bin/toyobunko/geta_search.pl?sn=all&lang=en&input=sengimeghiz">Search at Toyo Bunko Archive</a></td></tr><tr><th>singimeghiz</th><td><a href="http://dsr.nii.ac.jp/cgi-bin/toyobunko/geta_search.pl?sn=all&lang=en&input=singimeghiz">Search at Toyo Bunko Archive</a></td></tr><tr><th>sängimaghiz</th><td><a href="http://dsr.nii.ac.jp/cgi-bin/toyobunko/geta_search.pl?sn=all&lang=en&input=s%C3%A4ngimaghiz">Search at Toyo Bunko Archive</a></td></tr><tr><th>sängimeghiz</th><td><a href="http://dsr.nii.ac.jp/cgi-bin/toyobunko/geta_search.pl?sn=all&lang=en&input=s%C3%A4ngimeghiz">Search at Toyo Bunko Archive</a></td></tr><tr><th>勝金口</th><td><a href="http://dsr.nii.ac.jp/cgi-bin/toyobunko/geta_search.pl?sn=all&lang=en&input=%E5%8B%9D%E9%87%91%E5%8F%A3">Search at Toyo Bunko Archive</a></td></tr></table>]]>
</description>
        </Placemark>
        <Placemark>
          <name>singim</name>
          <visibility>1</visibility>
          <Point>
            <coordinates>89.644558000000004,42.944766000000001,0</coordinates>
          </Point>
          <description>
<![CDATA[
<hr/><h2>Geographic Coordinates</h2><dl><dt>Latitude : 42.944766000000001</dt><dt>Longitude : 89.644558000000004</dt></dl><h2>List of Placenames</h2><table border="1"><tr><th>singim</th><td><a href="http://dsr.nii.ac.jp/cgi-bin/toyobunko/geta_search.pl?sn=all&lang=en&input=singim">Search at Toyo Bunko Archive</a></td></tr><tr><th>センギム</th><td><a href="http://dsr.nii.ac.jp/cgi-bin/toyobunko/geta_search.pl?sn=all&lang=en&input=%E3%82%BB%E3%83%B3%E3%82%AE%E3%83%A0">Search at Toyo Bunko Archive</a></td></tr><tr><th>sengim</th><td><a href="http://dsr.nii.ac.jp/cgi-bin/toyobunko/geta_search.pl?sn=all&lang=en&input=sengim">Search at Toyo Bunko Archive</a></td></tr><tr><th>sängim</th><td><a href="http://dsr.nii.ac.jp/cgi-bin/toyobunko/geta_search.pl?sn=all&lang=en&input=s%C3%A4ngim">Search at Toyo Bunko Archive</a></td></tr><tr><th>sāngim</th><td><a href="http://dsr.nii.ac.jp/cgi-bin/toyobunko/geta_search.pl?sn=all&lang=en&input=s%C4%81ngim">Search at Toyo Bunko Archive</a></td></tr><tr><th>勝金</th><td><a href="http://dsr.nii.ac.jp/cgi-bin/toyobunko/geta_search.pl?sn=all&lang=en&input=%E5%8B%9D%E9%87%91">Search at Toyo Bunko Archive</a></td></tr></table>]]>
</description>
        </Placemark>
        <Placemark>
          <name>qikanghu qianfodong</name>
          <visibility>1</visibility>
          <Point>
            <coordinates>89.588530000000006,42.952976,0</coordinates>
          </Point>
          <description>
<![CDATA[
<hr/><h2>Geographic Coordinates</h2><dl><dt>Latitude : 42.952976</dt><dt>Longitude : 89.588530000000006</dt></dl><h2>List of Placenames</h2><table border="1"><tr><th>qikanghu qianfodong</th><td><a href="http://dsr.nii.ac.jp/cgi-bin/toyobunko/geta_search.pl?sn=all&lang=en&input=qikanghu%20qianfodong">Search at Toyo Bunko Archive</a></td></tr><tr><th>七康湖千仏洞</th><td><a href="http://dsr.nii.ac.jp/cgi-bin/toyobunko/geta_search.pl?sn=all&lang=en&input=%E4%B8%83%E5%BA%B7%E6%B9%96%E5%8D%83%E4%BB%8F%E6%B4%9E">Search at Toyo Bunko Archive</a></td></tr></table>]]>
</description>
        </Placemark>
        <Placemark>
          <name>tschyqqan k&#xF6;l</name>
          <visibility>1</visibility>
          <Point>
            <coordinates>89.372283999999993,42.562493000000003,0</coordinates>
          </Point>
          <description>
<![CDATA[
<hr/><h2>Geographic Coordinates</h2><dl><dt>Latitude : 42.562493000000003</dt><dt>Longitude : 89.372283999999993</dt></dl><h2>List of Placenames</h2><table border="1"><tr><th>tschyqqan köl</th><td><a href="http://dsr.nii.ac.jp/cgi-bin/toyobunko/geta_search.pl?sn=all&lang=en&input=tschyqqan%20k%C3%B6l">Search at Toyo Bunko Archive</a></td></tr><tr><th>七康湖</th><td><a href="http://dsr.nii.ac.jp/cgi-bin/toyobunko/geta_search.pl?sn=all&lang=en&input=%E4%B8%83%E5%BA%B7%E6%B9%96">Search at Toyo Bunko Archive</a></td></tr><tr><th>chikkankol</th><td><a href="http://dsr.nii.ac.jp/cgi-bin/toyobunko/geta_search.pl?sn=all&lang=en&input=chikkankol">Search at Toyo Bunko Archive</a></td></tr><tr><th>qikanghu</th><td><a href="http://dsr.nii.ac.jp/cgi-bin/toyobunko/geta_search.pl?sn=all&lang=en&input=qikanghu">Search at Toyo Bunko Archive</a></td></tr></table>]]>
</description>
        </Placemark>
        <Placemark>
          <name>sengimaghiz temple cave</name>
          <visibility>1</visibility>
          <Point>
            <coordinates>89.558718999999996,42.909646000000002,0</coordinates>
          </Point>
          <description>
<![CDATA[
<hr/><h2>Geographic Coordinates</h2><dl><dt>Latitude : 42.909646000000002</dt><dt>Longitude : 89.558718999999996</dt></dl><h2>List of Placenames</h2><table border="1"><tr><th>sengimaghiz temple cave</th><td><a href="http://dsr.nii.ac.jp/cgi-bin/toyobunko/geta_search.pl?sn=all&lang=en&input=sengimaghiz%20temple%20cave">Search at Toyo Bunko Archive</a></td></tr><tr><th>勝金口千仏洞</th><td><a href="http://dsr.nii.ac.jp/cgi-bin/toyobunko/geta_search.pl?sn=all&lang=en&input=%E5%8B%9D%E9%87%91%E5%8F%A3%E5%8D%83%E4%BB%8F%E6%B4%9E">Search at Toyo Bunko Archive</a></td></tr></table>]]>
</description>
        </Placemark>
        <Placemark>
          <name>bezeklik temple cave</name>
          <visibility>1</visibility>
          <Point>
            <coordinates>89.550760999999994,42.945017,0</coordinates>
          </Point>
          <description>
<![CDATA[
<hr/><h2>Geographic Coordinates</h2><dl><dt>Latitude : 42.945017</dt><dt>Longitude : 89.550760999999994</dt></dl><h2>List of Placenames</h2><table border="1"><tr><th>bezeklik temple cave</th><td><a href="http://dsr.nii.ac.jp/cgi-bin/toyobunko/geta_search.pl?sn=all&lang=en&input=bezeklik%20temple%20cave">Search at Toyo Bunko Archive</a></td></tr><tr><th>ベゼクリク千仏洞</th><td><a href="http://dsr.nii.ac.jp/cgi-bin/toyobunko/geta_search.pl?sn=all&lang=en&input=%E3%83%99%E3%82%BC%E3%82%AF%E3%83%AA%E3%82%AF%E5%8D%83%E4%BB%8F%E6%B4%9E">Search at Toyo Bunko Archive</a></td></tr><tr><th>柏孜克里克千仏洞</th><td><a href="http://dsr.nii.ac.jp/cgi-bin/toyobunko/geta_search.pl?sn=all&lang=en&input=%E6%9F%8F%E5%AD%9C%E5%85%8B%E9%87%8C%E5%85%8B%E5%8D%83%E4%BB%8F%E6%B4%9E">Search at Toyo Bunko Archive</a></td></tr></table>]]>
</description>
        </Placemark>
        <Placemark>
          <name>toyuk temple cave</name>
          <visibility>1</visibility>
          <Point>
            <coordinates>89.693640000000002,42.861736999999998,0</coordinates>
          </Point>
          <description>
<![CDATA[
<hr/><h2>Geographic Coordinates</h2><dl><dt>Latitude : 42.861736999999998</dt><dt>Longitude : 89.693640000000002</dt></dl><h2>List of Placenames</h2><table border="1"><tr><th>toyuk temple cave</th><td><a href="http://dsr.nii.ac.jp/cgi-bin/toyobunko/geta_search.pl?sn=all&lang=en&input=toyuk%20temple%20cave">Search at Toyo Bunko Archive</a></td></tr><tr><th>トユク石窟</th><td><a href="http://dsr.nii.ac.jp/cgi-bin/toyobunko/geta_search.pl?sn=all&lang=en&input=%E3%83%88%E3%83%A6%E3%82%AF%E7%9F%B3%E7%AA%9F">Search at Toyo Bunko Archive</a></td></tr><tr><th>toyuk cave shrines</th><td><a href="http://dsr.nii.ac.jp/cgi-bin/toyobunko/geta_search.pl?sn=all&lang=en&input=toyuk%20cave%20shrines">Search at Toyo Bunko Archive</a></td></tr><tr><th>吐峪溝石窟</th><td><a href="http://dsr.nii.ac.jp/cgi-bin/toyobunko/geta_search.pl?sn=all&lang=en&input=%E5%90%90%E5%B3%AA%E6%BA%9D%E7%9F%B3%E7%AA%9F">Search at Toyo Bunko Archive</a></td></tr></table>]]>
</description>
        </Placemark>
        <Placemark>
          <name>kuch&#x101;r</name>
          <visibility>1</visibility>
          <Point>
            <coordinates>82.714658,41.636488,0</coordinates>
          </Point>
          <description>
<![CDATA[
<hr/><h2>Geographic Coordinates</h2><dl><dt>Latitude : 41.636488</dt><dt>Longitude : 82.714658</dt></dl><h2>List of Placenames</h2><table border="1"><tr><th>kuchār</th><td><a href="http://dsr.nii.ac.jp/cgi-bin/toyobunko/geta_search.pl?sn=all&lang=en&input=kuch%C4%81r">Search at Toyo Bunko Archive</a></td></tr><tr><th>クチャ</th><td><a href="http://dsr.nii.ac.jp/cgi-bin/toyobunko/geta_search.pl?sn=all&lang=en&input=%E3%82%AF%E3%83%81%E3%83%A3">Search at Toyo Bunko Archive</a></td></tr><tr><th>kuchā</th><td><a href="http://dsr.nii.ac.jp/cgi-bin/toyobunko/geta_search.pl?sn=all&lang=en&input=kuch%C4%81">Search at Toyo Bunko Archive</a></td></tr><tr><th>kuche</th><td><a href="http://dsr.nii.ac.jp/cgi-bin/toyobunko/geta_search.pl?sn=all&lang=en&input=kuche">Search at Toyo Bunko Archive</a></td></tr><tr><th>庫車</th><td><a href="http://dsr.nii.ac.jp/cgi-bin/toyobunko/geta_search.pl?sn=all&lang=en&input=%E5%BA%AB%E8%BB%8A">Search at Toyo Bunko Archive</a></td></tr></table>]]>
</description>
        </Placemark>
        <Placemark>
          <name>karashahr</name>
          <visibility>1</visibility>
          <Point>
            <coordinates>86.563790999999995,42.057561,0</coordinates>
          </Point>
          <description>
<![CDATA[
<hr/><h2>Geographic Coordinates</h2><dl><dt>Latitude : 42.057561</dt><dt>Longitude : 86.563790999999995</dt></dl><h2>List of Placenames</h2><table border="1"><tr><th>karashahr</th><td><a href="http://dsr.nii.ac.jp/cgi-bin/toyobunko/geta_search.pl?sn=all&lang=en&input=karashahr">Search at Toyo Bunko Archive</a></td></tr><tr><th>カラシャール</th><td><a href="http://dsr.nii.ac.jp/cgi-bin/toyobunko/geta_search.pl?sn=all&lang=en&input=%E3%82%AB%E3%83%A9%E3%82%B7%E3%83%A3%E3%83%BC%E3%83%AB">Search at Toyo Bunko Archive</a></td></tr><tr><th>yanqi</th><td><a href="http://dsr.nii.ac.jp/cgi-bin/toyobunko/geta_search.pl?sn=all&lang=en&input=yanqi">Search at Toyo Bunko Archive</a></td></tr><tr><th>焉耆</th><td><a href="http://dsr.nii.ac.jp/cgi-bin/toyobunko/geta_search.pl?sn=all&lang=en&input=%E7%84%89%E8%80%86">Search at Toyo Bunko Archive</a></td></tr></table>]]>
</description>
        </Placemark>
        <Placemark>
          <name>k&#x101;shgar</name>
          <visibility>1</visibility>
          <Point>
            <coordinates>75.984071,39.469240999999997,0</coordinates>
          </Point>
          <description>
<![CDATA[
<hr/><h2>Geographic Coordinates</h2><dl><dt>Latitude : 39.469240999999997</dt><dt>Longitude : 75.984071</dt></dl><h2>List of Placenames</h2><table border="1"><tr><th>kāshgar</th><td><a href="http://dsr.nii.ac.jp/cgi-bin/toyobunko/geta_search.pl?sn=all&lang=en&input=k%C4%81shgar">Search at Toyo Bunko Archive</a></td></tr><tr><th>カシュガル</th><td><a href="http://dsr.nii.ac.jp/cgi-bin/toyobunko/geta_search.pl?sn=all&lang=en&input=%E3%82%AB%E3%82%B7%E3%83%A5%E3%82%AC%E3%83%AB">Search at Toyo Bunko Archive</a></td></tr><tr><th>kashi</th><td><a href="http://dsr.nii.ac.jp/cgi-bin/toyobunko/geta_search.pl?sn=all&lang=en&input=kashi">Search at Toyo Bunko Archive</a></td></tr><tr><th>喀什</th><td><a href="http://dsr.nii.ac.jp/cgi-bin/toyobunko/geta_search.pl?sn=all&lang=en&input=%E5%96%80%E4%BB%80">Search at Toyo Bunko Archive</a></td></tr></table>]]>
</description>
        </Placemark>
        <Placemark>
          <name>aksu</name>
          <visibility>1</visibility>
          <Point>
            <coordinates>80.253990999999999,41.167098000000003,0</coordinates>
          </Point>
          <description>
<![CDATA[
<hr/><h2>Geographic Coordinates</h2><dl><dt>Latitude : 41.167098000000003</dt><dt>Longitude : 80.253990999999999</dt></dl><h2>List of Placenames</h2><table border="1"><tr><th>aksu</th><td><a href="http://dsr.nii.ac.jp/cgi-bin/toyobunko/geta_search.pl?sn=all&lang=en&input=aksu">Search at Toyo Bunko Archive</a></td></tr><tr><th>アクス</th><td><a href="http://dsr.nii.ac.jp/cgi-bin/toyobunko/geta_search.pl?sn=all&lang=en&input=%E3%82%A2%E3%82%AF%E3%82%B9">Search at Toyo Bunko Archive</a></td></tr><tr><th>阿克斯</th><td><a href="http://dsr.nii.ac.jp/cgi-bin/toyobunko/geta_search.pl?sn=all&lang=en&input=%E9%98%BF%E5%85%8B%E6%96%AF">Search at Toyo Bunko Archive</a></td></tr></table>]]>
</description>
        </Placemark>
        <Placemark>
          <name>hami</name>
          <visibility>1</visibility>
          <Point>
            <coordinates>93.507068000000004,42.839537999999997,0</coordinates>
          </Point>
          <description>
<![CDATA[
<hr/><h2>Geographic Coordinates</h2><dl><dt>Latitude : 42.839537999999997</dt><dt>Longitude : 93.507068000000004</dt></dl><h2>List of Placenames</h2><table border="1"><tr><th>hami</th><td><a href="http://dsr.nii.ac.jp/cgi-bin/toyobunko/geta_search.pl?sn=all&lang=en&input=hami">Search at Toyo Bunko Archive</a></td></tr><tr><th>ハミ</th><td><a href="http://dsr.nii.ac.jp/cgi-bin/toyobunko/geta_search.pl?sn=all&lang=en&input=%E3%83%8F%E3%83%9F">Search at Toyo Bunko Archive</a></td></tr><tr><th>hāmi</th><td><a href="http://dsr.nii.ac.jp/cgi-bin/toyobunko/geta_search.pl?sn=all&lang=en&input=h%C4%81mi">Search at Toyo Bunko Archive</a></td></tr><tr><th>kumul</th><td><a href="http://dsr.nii.ac.jp/cgi-bin/toyobunko/geta_search.pl?sn=all&lang=en&input=kumul">Search at Toyo Bunko Archive</a></td></tr><tr><th>qumul</th><td><a href="http://dsr.nii.ac.jp/cgi-bin/toyobunko/geta_search.pl?sn=all&lang=en&input=qumul">Search at Toyo Bunko Archive</a></td></tr><tr><th>哈密</th><td><a href="http://dsr.nii.ac.jp/cgi-bin/toyobunko/geta_search.pl?sn=all&lang=en&input=%E5%93%88%E5%AF%86">Search at Toyo Bunko Archive</a></td></tr></table>]]>
</description>
        </Placemark>
        <Placemark>
          <name>bachu</name>
          <visibility>1</visibility>
          <Point>
            <coordinates>78.544116000000002,39.785293000000003,0</coordinates>
          </Point>
          <description>
<![CDATA[
<hr/><h2>Geographic Coordinates</h2><dl><dt>Latitude : 39.785293000000003</dt><dt>Longitude : 78.544116000000002</dt></dl><h2>List of Placenames</h2><table border="1"><tr><th>bachu</th><td><a href="http://dsr.nii.ac.jp/cgi-bin/toyobunko/geta_search.pl?sn=all&lang=en&input=bachu">Search at Toyo Bunko Archive</a></td></tr><tr><th>巴楚</th><td><a href="http://dsr.nii.ac.jp/cgi-bin/toyobunko/geta_search.pl?sn=all&lang=en&input=%E5%B7%B4%E6%A5%9A">Search at Toyo Bunko Archive</a></td></tr><tr><th>marālbāshi</th><td><a href="http://dsr.nii.ac.jp/cgi-bin/toyobunko/geta_search.pl?sn=all&lang=en&input=mar%C4%81lb%C4%81shi">Search at Toyo Bunko Archive</a></td></tr><tr><th>maralbāshi</th><td><a href="http://dsr.nii.ac.jp/cgi-bin/toyobunko/geta_search.pl?sn=all&lang=en&input=maralb%C4%81shi">Search at Toyo Bunko Archive</a></td></tr><tr><th>マラルバシ</th><td><a href="http://dsr.nii.ac.jp/cgi-bin/toyobunko/geta_search.pl?sn=all&lang=en&input=%E3%83%9E%E3%83%A9%E3%83%AB%E3%83%90%E3%82%B7">Search at Toyo Bunko Archive</a></td></tr></table>]]>
</description>
        </Placemark>
      </Folder>
      <Folder>
        <name>&#x6CB3;&#x897F;&#x56DE;&#x5ECA;</name>
        <Placemark>
          <name>sogon&#x14D;r</name>
          <visibility>1</visibility>
          <Point>
            <coordinates>101.234471,42.298321000000001,0</coordinates>
          </Point>
          <description>
<![CDATA[
<hr/><h2>Geographic Coordinates</h2><dl><dt>Latitude : 42.298321000000001</dt><dt>Longitude : 101.234471</dt></dl><h2>List of Placenames</h2><table border="1"><tr><th>sogonōr</th><td><a href="http://dsr.nii.ac.jp/cgi-bin/toyobunko/geta_search.pl?sn=all&lang=en&input=sogon%C5%8Dr">Search at Toyo Bunko Archive</a></td></tr><tr><th>ソゴ・ノール</th><td><a href="http://dsr.nii.ac.jp/cgi-bin/toyobunko/geta_search.pl?sn=all&lang=en&input=%E3%82%BD%E3%82%B4%E3%83%BB%E3%83%8E%E3%83%BC%E3%83%AB">Search at Toyo Bunko Archive</a></td></tr></table>]]>
</description>
        </Placemark>
        <Placemark>
          <name>karakhoto</name>
          <visibility>1</visibility>
          <Point>
            <coordinates>101.078278,42.168424999999999,0</coordinates>
          </Point>
          <description>
<![CDATA[
<hr/><h2>Geographic Coordinates</h2><dl><dt>Latitude : 42.168424999999999</dt><dt>Longitude : 101.078278</dt></dl><h2>List of Placenames</h2><table border="1"><tr><th>karakhoto</th><td><a href="http://dsr.nii.ac.jp/cgi-bin/toyobunko/geta_search.pl?sn=all&lang=en&input=karakhoto">Search at Toyo Bunko Archive</a></td></tr><tr><th>カラ・ホト</th><td><a href="http://dsr.nii.ac.jp/cgi-bin/toyobunko/geta_search.pl?sn=all&lang=en&input=%E3%82%AB%E3%83%A9%E3%83%BB%E3%83%9B%E3%83%88">Search at Toyo Bunko Archive</a></td></tr></table>]]>
</description>
        </Placemark>
        <Placemark>
          <name>gash&#x16B;nn&#x14D;r</name>
          <visibility>1</visibility>
          <Point>
            <coordinates>100.655349,42.422406000000002,0</coordinates>
          </Point>
          <description>
<![CDATA[
<hr/><h2>Geographic Coordinates</h2><dl><dt>Latitude : 42.422406000000002</dt><dt>Longitude : 100.655349</dt></dl><h2>List of Placenames</h2><table border="1"><tr><th>gashūnnōr</th><td><a href="http://dsr.nii.ac.jp/cgi-bin/toyobunko/geta_search.pl?sn=all&lang=en&input=gash%C5%ABnn%C5%8Dr">Search at Toyo Bunko Archive</a></td></tr><tr><th>ガシュン・ノール</th><td><a href="http://dsr.nii.ac.jp/cgi-bin/toyobunko/geta_search.pl?sn=all&lang=en&input=%E3%82%AC%E3%82%B7%E3%83%A5%E3%83%B3%E3%83%BB%E3%83%8E%E3%83%BC%E3%83%AB">Search at Toyo Bunko Archive</a></td></tr></table>]]>
</description>
        </Placemark>
      </Folder>
      <Folder>
        <name>&#x30B9;&#x30C6;&#x30C3;&#x30D7;&#x30FB;&#x30EB;&#x30FC;&#x30C8;</name>
        <Placemark>
          <name>urumuqi</name>
          <visibility>1</visibility>
          <Point>
            <coordinates>87.597245999999998,43.803260999999999,0</coordinates>
          </Point>
          <description>
<![CDATA[
<hr/><h2>Geographic Coordinates</h2><dl><dt>Latitude : 43.803260999999999</dt><dt>Longitude : 87.597245999999998</dt></dl><h2>List of Placenames</h2><table border="1"><tr><th>urumuqi</th><td><a href="http://dsr.nii.ac.jp/cgi-bin/toyobunko/geta_search.pl?sn=all&lang=en&input=urumuqi">Search at Toyo Bunko Archive</a></td></tr><tr><th>ウルムチ</th><td><a href="http://dsr.nii.ac.jp/cgi-bin/toyobunko/geta_search.pl?sn=all&lang=en&input=%E3%82%A6%E3%83%AB%E3%83%A0%E3%83%81">Search at Toyo Bunko Archive</a></td></tr><tr><th>wulumuqi</th><td><a href="http://dsr.nii.ac.jp/cgi-bin/toyobunko/geta_search.pl?sn=all&lang=en&input=wulumuqi">Search at Toyo Bunko Archive</a></td></tr><tr><th>烏魯木斉</th><td><a href="http://dsr.nii.ac.jp/cgi-bin/toyobunko/geta_search.pl?sn=all&lang=en&input=%E7%83%8F%E9%AD%AF%E6%9C%A8%E6%96%89">Search at Toyo Bunko Archive</a></td></tr></table>]]>
</description>
        </Placemark>
        <Placemark>
          <name>lake barlul</name>
          <visibility>1</visibility>
          <Point>
            <coordinates>92.805386999999996,43.654721000000002,0</coordinates>
          </Point>
          <description>
<![CDATA[
<hr/><h2>Geographic Coordinates</h2><dl><dt>Latitude : 43.654721000000002</dt><dt>Longitude : 92.805386999999996</dt></dl><h2>List of Placenames</h2><table border="1"><tr><th>lake barlul</th><td><a href="http://dsr.nii.ac.jp/cgi-bin/toyobunko/geta_search.pl?sn=all&lang=en&input=lake%20barlul">Search at Toyo Bunko Archive</a></td></tr><tr><th>バルクル・ノール</th><td><a href="http://dsr.nii.ac.jp/cgi-bin/toyobunko/geta_search.pl?sn=all&lang=en&input=%E3%83%90%E3%83%AB%E3%82%AF%E3%83%AB%E3%83%BB%E3%83%8E%E3%83%BC%E3%83%AB">Search at Toyo Bunko Archive</a></td></tr></table>]]>
</description>
        </Placemark>
        <Placemark>
          <name>usu</name>
          <visibility>1</visibility>
          <Point>
            <coordinates>84.675452000000007,44.433140000000002,0</coordinates>
          </Point>
          <description>
<![CDATA[
<hr/><h2>Geographic Coordinates</h2><dl><dt>Latitude : 44.433140000000002</dt><dt>Longitude : 84.675452000000007</dt></dl><h2>List of Placenames</h2><table border="1"><tr><th>usu</th><td><a href="http://dsr.nii.ac.jp/cgi-bin/toyobunko/geta_search.pl?sn=all&lang=en&input=usu">Search at Toyo Bunko Archive</a></td></tr><tr><th>ウス</th><td><a href="http://dsr.nii.ac.jp/cgi-bin/toyobunko/geta_search.pl?sn=all&lang=en&input=%E3%82%A6%E3%82%B9">Search at Toyo Bunko Archive</a></td></tr></table>]]>
</description>
        </Placemark>
        <Placemark>
          <name>manas</name>
          <visibility>1</visibility>
          <Point>
            <coordinates>86.216227000000003,44.301676999999998,0</coordinates>
          </Point>
          <description>
<![CDATA[
<hr/><h2>Geographic Coordinates</h2><dl><dt>Latitude : 44.301676999999998</dt><dt>Longitude : 86.216227000000003</dt></dl><h2>List of Placenames</h2><table border="1"><tr><th>manas</th><td><a href="http://dsr.nii.ac.jp/cgi-bin/toyobunko/geta_search.pl?sn=all&lang=en&input=manas">Search at Toyo Bunko Archive</a></td></tr><tr><th>マナス</th><td><a href="http://dsr.nii.ac.jp/cgi-bin/toyobunko/geta_search.pl?sn=all&lang=en&input=%E3%83%9E%E3%83%8A%E3%82%B9">Search at Toyo Bunko Archive</a></td></tr><tr><th>manashi</th><td><a href="http://dsr.nii.ac.jp/cgi-bin/toyobunko/geta_search.pl?sn=all&lang=en&input=manashi">Search at Toyo Bunko Archive</a></td></tr></table>]]>
</description>
        </Placemark>
        <Placemark>
          <name>sailim lake</name>
          <visibility>1</visibility>
          <Point>
            <coordinates>81.174218999999994,44.602383000000003,0</coordinates>
          </Point>
          <description>
<![CDATA[
<hr/><h2>Geographic Coordinates</h2><dl><dt>Latitude : 44.602383000000003</dt><dt>Longitude : 81.174218999999994</dt></dl><h2>List of Placenames</h2><table border="1"><tr><th>sailim lake</th><td><a href="http://dsr.nii.ac.jp/cgi-bin/toyobunko/geta_search.pl?sn=all&lang=en&input=sailim%20lake">Search at Toyo Bunko Archive</a></td></tr><tr><th>サイリム湖</th><td><a href="http://dsr.nii.ac.jp/cgi-bin/toyobunko/geta_search.pl?sn=all&lang=en&input=%E3%82%B5%E3%82%A4%E3%83%AA%E3%83%A0%E6%B9%96">Search at Toyo Bunko Archive</a></td></tr><tr><th>sayram lake</th><td><a href="http://dsr.nii.ac.jp/cgi-bin/toyobunko/geta_search.pl?sn=all&lang=en&input=sayram%20lake">Search at Toyo Bunko Archive</a></td></tr></table>]]>
</description>
        </Placemark>
        <Placemark>
          <name>yining</name>
          <visibility>1</visibility>
          <Point>
            <coordinates>81.323949999999996,43.911776000000003,0</coordinates>
          </Point>
          <description>
<![CDATA[
<hr/><h2>Geographic Coordinates</h2><dl><dt>Latitude : 43.911776000000003</dt><dt>Longitude : 81.323949999999996</dt></dl><h2>List of Placenames</h2><table border="1"><tr><th>yining</th><td><a href="http://dsr.nii.ac.jp/cgi-bin/toyobunko/geta_search.pl?sn=all&lang=en&input=yining">Search at Toyo Bunko Archive</a></td></tr><tr><th>イーニン</th><td><a href="http://dsr.nii.ac.jp/cgi-bin/toyobunko/geta_search.pl?sn=all&lang=en&input=%E3%82%A4%E3%83%BC%E3%83%8B%E3%83%B3">Search at Toyo Bunko Archive</a></td></tr><tr><th>伊寧</th><td><a href="http://dsr.nii.ac.jp/cgi-bin/toyobunko/geta_search.pl?sn=all&lang=en&input=%E4%BC%8A%E5%AF%A7">Search at Toyo Bunko Archive</a></td></tr></table>]]>
</description>
        </Placemark>
      </Folder>
      <Folder>
        <name>&#x666E;&#x67FB;&#x3000;&#x697C;&#x862D;</name>
        <Placemark>
          <name>lk</name>
          <visibility>1</visibility>
          <Point>
            <coordinates>89.681111000000001,40.087499999999999,0</coordinates>
          </Point>
          <description>
<![CDATA[
<hr/><h2>Geographic Coordinates</h2><dl><dt>Latitude : 40.087499999999999</dt><dt>Longitude : 89.681111000000001</dt></dl><h2>List of Placenames</h2><table border="1"><tr><th>lk</th><td><a href="http://dsr.nii.ac.jp/cgi-bin/toyobunko/geta_search.pl?sn=all&lang=en&input=lk">Search at Toyo Bunko Archive</a></td></tr><tr><th>海頭故城</th><td><a href="http://dsr.nii.ac.jp/cgi-bin/toyobunko/geta_search.pl?sn=all&lang=en&input=%E6%B5%B7%E9%A0%AD%E6%95%85%E5%9F%8E">Search at Toyo Bunko Archive</a></td></tr><tr><th>lk遺址</th><td><a href="http://dsr.nii.ac.jp/cgi-bin/toyobunko/geta_search.pl?sn=all&lang=en&input=lk%E9%81%BA%E5%9D%80">Search at Toyo Bunko Archive</a></td></tr></table>]]>
</description>
        </Placemark>
        <Placemark>
          <name>loulan site</name>
          <visibility>1</visibility>
          <Point>
            <coordinates>89.922777999999994,40.498610999999997,0</coordinates>
          </Point>
          <description>
<![CDATA[
<hr/><h2>Geographic Coordinates</h2><dl><dt>Latitude : 40.498610999999997</dt><dt>Longitude : 89.922777999999994</dt></dl><h2>List of Placenames</h2><table border="1"><tr><th>loulan site</th><td><a href="http://dsr.nii.ac.jp/cgi-bin/toyobunko/geta_search.pl?sn=all&lang=en&input=loulan%20site">Search at Toyo Bunko Archive</a></td></tr><tr><th>楼蘭故城</th><td><a href="http://dsr.nii.ac.jp/cgi-bin/toyobunko/geta_search.pl?sn=all&lang=en&input=%E6%A5%BC%E8%98%AD%E6%95%85%E5%9F%8E">Search at Toyo Bunko Archive</a></td></tr><tr><th>ancient site of loulan</th><td><a href="http://dsr.nii.ac.jp/cgi-bin/toyobunko/geta_search.pl?sn=all&lang=en&input=ancient%20site%20of%20loulan">Search at Toyo Bunko Archive</a></td></tr></table>]]>
</description>
        </Placemark>
      </Folder>
    </Folder>
    <Folder>
      <name>Routes</name>
      <Folder>
        <name>&#x30EB;&#x30FC;&#x30C8;</name>
        <Placemark>
          <name>Kabul  Peshawar</name>
          <visibility>1</visibility>
          <LineString>
            <tesselate>1</tesselate>
            <coordinates>69.16442678283713,34.53686421053781,0 69.43871844091026,34.56514815671802,0 69.65983255069835,34.58494631702156,0 69.79814688231605,34.54576295143727,0 69.85588270809751,34.50454499148631,0 70.03175303498708,34.50990717987937,0 70.21399201044693,34.50555634735505,0 70.35356980225046,34.49344314633847,0 70.44689175021898,34.42496885610641,0 70.54437029065798,34.38530972047112,0 70.67986907958888,34.31791116257031,0 70.84876058614695,34.25048269187136,0 71.00596321468494,34.21638446177995,0 71.06022538694509,34.14723691952189,0 71.13718223727733,34.11365815880377,0 71.30755285760833,34.17995872985003,0 71.45586731297357,34.09054215302196,0 71.55748280638662,34.0145089655142,0</coordinates>
          </LineString>
        </Placemark>
        <Placemark>
          <name>Esfahan Teheran</name>
          <visibility>1</visibility>
          <LineString>
            <tesselate>1</tesselate>
            <coordinates>49.16796374448916,33.38339980630754,0 48.96007471513465,34.1510131909187,0 48.83684869782212,35.15522408961221,0 49.59799696271742,36.46094656543016,0</coordinates>
          </LineString>
        </Placemark>
        <Placemark>
          <name>Moenjodaro Beirut</name>
          <visibility>1</visibility>
          <LineString>
            <tesselate>1</tesselate>
            <coordinates>68.26683101454742,27.45523140086874,0 66.17841303022686,27.41279602906711,0 64.08492800262604,27.93025944036864,0 62.55963051551623,28.36474285331487,0 60.50600576002538,28.95400570069672,0 58.41924317884235,29.0799867519207,0 57.22394845188359,29.70722020414885,0 54.62668032513074,30.18017240141261,0 53.00224478715276,30.00629071734476,0 52.19892270447889,31.32932593347185,0 51.71034823980531,32.64640116979665,0 50.1935413759673,32.92877618828576,0 48.97225689842868,33.47295881193341,0 47.12977022210586,33.66753307166965,0 44.35917022316727,33.52930963443152,0 42.45113546236448,33.81310763886269,0 41.34174735688606,34.0835874063322,0 39.7150123883859,34.06097943737673,0 37.39990222877125,33.79494526471433,0 35.89464619134084,33.67705693212091,0 35.50442351965866,33.89092439203198,0</coordinates>
          </LineString>
        </Placemark>
        <Placemark>
          <name>Lhasa India</name>
          <visibility>1</visibility>
          <LineString>
            <tesselate>1</tesselate>
            <coordinates>99.99498136889953,36.44961141801518,0 98.64431061254037,35.00955645222362,0 97.70246423587956,34.0605428339796,0 96.41014904073482,33.05754529863507,0 95.10447769216948,32.0768047732098,0 93.64221613727727,30.91211403043855,0 92.35618194121302,29.88598214459818,0 91.24478018573002,29.76554765260689,0 90.4633869184289,29.12033254810921,0 89.3642039510935,28.18436942671485,0 88.57632893158757,27.64878825240707,0 87.46408077610762,25.86345025746467,0 86.9574592665233,25.16335339136292,0</coordinates>
          </LineString>
        </Placemark>
        <Placemark>
          <name>Luoyang Beijing</name>
          <visibility>1</visibility>
          <LineString>
            <tesselate>1</tesselate>
            <coordinates>112.3913536617218,34.65255765766954,0 112.7677146160481,34.7246355862015,0 113.1570861755253,34.77249707893188,0 113.4258560328946,34.83060663546734,0 113.6565020451817,35.06862307924141,0 113.7999488001895,35.23431082106981,0 113.9454980318993,35.41809993508534,0 114.2858908769838,35.79040607302184,0 114.3208070801829,35.98950614347464,0 114.3167753004175,36.20888170411229,0 114.4612352955278,36.58802565970436,0 114.4350072619244,36.9292891836297,0 114.4747930387349,37.20118493764583,0 114.6034087062339,37.39688783032588,0 114.5216425844674,37.77226567440285,0 114.4813152560174,38.03121778431189,0 115.0014868440066,38.5205269712525,0 115.5600363523304,38.79190963721585,0 115.893960257646,39.22310523736758,0 116.3837561050881,39.93495677136811,0</coordinates>
          </LineString>
        </Placemark>
        <Placemark>
          <name>Lahore Delhi</name>
          <visibility>1</visibility>
          <LineString>
            <tesselate>1</tesselate>
            <coordinates>74.40218399943046,31.50732077414197,0 74.58509968364623,31.07019555664066,0 74.89882139148291,30.83050436888889,0 75.54733732528669,30.39611739691267,0 75.98581456863772,30.00347396073349,0 76.37105286172573,29.47706614322188,0 76.75758238142018,28.99369674629791,0 77.32321230838892,28.62331125410005,0 78.04822928014693,28.10538979217361,0 79.27806438369129,27.62598246006719,0 80.42580591392888,27.18943094630786,0 82.50480245250387,26.29610294560269,0 84.05056954773525,25.90489416834252,0 85.15304289136559,25.5754775112767,0 85.26690352594892,25.56713746055372,0 86.34601391369418,25.39795998736137,0 87.13519864472829,24.97125553419295,0 87.65302604587797,23.81432796609936,0 88.08891893512043,22.54854840879305,0 88.10473409834654,22.16807656675656,0</coordinates>
          </LineString>
        </Placemark>
        <Placemark>
          <name>Lingwu&#x3000;Baotou</name>
          <visibility>1</visibility>
          <LineString>
            <tesselate>1</tesselate>
            <coordinates>106.1884916615472,37.98327147692405,0 106.302585959816,38.44973685345108,0 106.4993020545134,38.86626667095297,0 106.7364013967475,39.16502064322736,0 106.8861577903788,39.69733640627374,0 106.8633560745686,40.08235804324053,0 107.2213139744789,40.4004811371891,0 107.6387637194384,40.70453126152426,0 108.0461693476514,40.76444888118723,0 108.5393659199418,40.66902970359212,0 109.3687833112202,40.58554495507164,0 109.7695692954629,40.65644727216877,0</coordinates>
          </LineString>
        </Placemark>
        <Placemark>
          <name>Route</name>
          <visibility>1</visibility>
          <LineString>
            <tesselate>1</tesselate>
            <coordinates>104.80522527557,34.74938425451087,0 104.2212267680319,35.03022780171539,0 103.4151799363982,35.49426735588649,0 102.6797263321338,36.01634250043259,0 101.7715455018787,36.62048648919569,0 100.7770315425424,36.41588566523064,0 99.94456873115701,36.49149891626827,0 99.16570724759286,36.6459937802497,0 97.93141425527368,36.33377760202965,0 95.67927749490781,36.52790662122803,0 94.31342853540764,36.59896410185016,0 93.06135526373677,36.99387968263142,0 92.13008785645056,37.37343971496007,0 91.09423331280026,37.98242758772258,0 90.41554583012523,38.3556761830683,0 89.79977798738241,38.64806510659602,0 88.9487941897596,39.19754371289845,0</coordinates>
          </LineString>
        </Placemark>
        <Placemark>
          <name>Taxila Moenjodaro</name>
          <visibility>1</visibility>
          <LineString>
            <tesselate>1</tesselate>
            <coordinates>75.94416696682509,39.49224052278139,0 75.36433713944049,37.53174210303741,0 75.41327529436231,36.92859119943935,0 74.68698946438033,36.09295190161414,0 72.77658075268809,34.95992631096519,0 71.54668225059234,34.02287697854903,0 72.86052743789563,33.75707751927767,0 73.5958342063833,33.18932939160413,0 74.33505043408232,32.14323030294431,0 74.42641595770388,31.52565294047421,0 73.24373843843958,30.72103784756631,0 72.01779013884425,29.95826902490321,0 70.6020754388573,28.74921103998757,0 69.26627407087693,27.89067130868206,0 68.22636721748972,27.53435286162645,0</coordinates>
          </LineString>
        </Placemark>
        <Placemark>
          <name>Urumuqi Turfan</name>
          <visibility>1</visibility>
          <LineString>
            <tesselate>1</tesselate>
            <coordinates>87.60609997569131,43.8757307211619,0 87.57727800036571,43.74959713592642,0 87.60277477587172,43.66487586555306,0 87.70551845879774,43.63023875216008,0 87.83920430853121,43.56627439525751,0 87.99460667142165,43.49022838115425,0 88.15688446162434,43.38879526380273,0 88.32637458655972,43.28128061151219,0 88.4892214670822,43.18002119331672,0 88.80140143872052,43.05007177915025,0 88.93454692955038,43.01098527282642,0 89.06734771470394,43.00970709283863,0 89.15973407105986,42.96800784589739,0 89.17417647804362,42.95119594421587,0</coordinates>
          </LineString>
        </Placemark>
        <Placemark>
          <name>Samarkand Tehran</name>
          <visibility>1</visibility>
          <LineString>
            <tesselate>1</tesselate>
            <coordinates>66.99797730986236,39.64753253768664,0 65.72376649083867,39.75190696069871,0 64.62846504430635,39.76310565413783,0 64.42463905862101,39.70841354157583,0 63.34359320407109,38.76944420931052,0 62.54465314112326,37.96829644996878,0 62.26165318257541,37.66449582089092,0 61.90115174916989,37.28379214791274,0 60.97962153065292,36.72051166241798,0 59.50654142040614,36.28403595054195,0 57.09411048919753,36.51725649516144,0 55.76584269785971,36.32738384971651,0 55.52510307166367,36.31669979541758,0 53.3115813608604,36.09754495198341,0 51.70893944099243,35.88178478248121,0 51.46607786202247,35.73249949139812,0</coordinates>
          </LineString>
        </Placemark>
        <Placemark>
          <name>Karakorum&#x3000;Manas</name>
          <visibility>1</visibility>
          <LineString>
            <tesselate>1</tesselate>
            <coordinates>86.37383819872778,44.35208451480411,0 87.17027112344303,44.37421000613315,0 88.45910567597315,44.52174061183933,0 89.64369185544389,44.72405753611788,0 92.54123427564447,45.22859983299756,0 94.06235304295942,45.5141194544244,0 95.5415653603543,45.92799364178813,0 98.51349197800958,46.67549032966973,0 100.1956758737668,46.92718880487103,0 102.3507657527042,47.2685978498721,0 102.6755466790181,47.28971358499893,0</coordinates>
          </LineString>
        </Placemark>
        <Placemark>
          <name>Kashgar Bamiyan</name>
          <visibility>1</visibility>
          <LineString>
            <tesselate>1</tesselate>
            <coordinates>75.96275464522969,39.49235348084947,0 74.95470447970732,39.4756838680744,0 73.68924137756335,39.65091965363958,0 72.45422113990986,39.68069356686517,0 71.52243295473531,39.4241721062115,0 70.67812331629938,38.96062312638448,0 69.83848769085606,38.11556273794776,0 69.05608461151732,36.81383307616253,0 68.22106688824056,35.62802053964223,0 67.80057475805975,34.96812469811904,0</coordinates>
          </LineString>
        </Placemark>
        <Placemark>
          <name>Karakorum Beijing</name>
          <visibility>1</visibility>
          <LineString>
            <tesselate>1</tesselate>
            <coordinates>102.6276261057118,47.32371261482153,0 103.3167250461163,47.14519708558229,0 105.0506722516807,46.14540502734575,0 106.1952125858801,45.24493383315561,0 107.2269627298797,44.28370400113268,0 107.8301655173692,43.48765088142802,0 108.9891675391704,42.02738351735651,0 109.3186222548391,41.25107801452322,0 109.8292881971154,40.63954104065176,0 111.4669431077245,40.73451193876248,0 112.7510549159536,40.494622190134,0 113.2132214557741,40.22200073808701,0 113.4438522747876,40.11442223748188,0 114.2311989003617,40.50093578543824,0 114.92950869972,40.85408327271804,0 116.8385864586142,40.40596283688368,0 116.6374758662628,40.02643286502583,0</coordinates>
          </LineString>
        </Placemark>
        <Placemark>
          <name>Route</name>
          <visibility>1</visibility>
          <LineString>
            <tesselate>1</tesselate>
            <coordinates>71.43419307389334,42.90952677508481,0 72.54705269323935,43.1052484463278,0 73.38238303378793,43.2664042610859,0 75.15869969678053,43.36901412634604,0 76.69291735440041,43.29501684247268,0 77.01306163243731,43.23218812653114,0 78.47273643986986,43.66160494888926,0 79.72584644250821,44.17646759527641,0 80.63331180706666,44.63553967300837,0 81.54603043959764,44.83833662673879,0 82.4368066711265,44.90896176199809,0 84.02122559948163,44.62579845090475,0 85.06494959852333,44.53637191629614,0 86.27905608209474,44.34911436398966,0 87.58872605888485,43.8811251796021,0 88.457087486669,43.81498674888199,0 89.32557972600658,43.71535302972027,0 90.38406410445626,43.73136725327166,0 91.1448318478059,43.76820785668733,0 92.17750643939553,43.75509562958219,0 92.92703418082348,43.71262814998924,0 93.65002886263106,43.48772633749547,0 93.70531322143177,43.12925045212433,0 93.64763379374836,42.80177197058645,0</coordinates>
          </LineString>
        </Placemark>
        <Placemark>
          <name>Wuwei Guyuan</name>
          <visibility>1</visibility>
          <LineString>
            <tesselate>1</tesselate>
            <coordinates>105.5506294048977,37.50134792070787,0 105.9108505185012,37.0513408127841,0 106.1354104083078,36.63104222790394,0 106.2684372796525,36.17829130422022,0 106.3210810139307,36.01978326483415,0 106.5459338917393,35.68284381598839,0 106.7105466861042,35.53318653649559,0 106.9077063758299,35.21789357887587,0 107.1428768352213,34.725892408152,0 107.28057983405,34.36548749024116,0</coordinates>
          </LineString>
        </Placemark>
        <Placemark>
          <name>Bamiyan Samarkand</name>
          <visibility>1</visibility>
          <LineString>
            <tesselate>1</tesselate>
            <coordinates>68.90910859038189,36.71152167754557,0 67.81040813470423,36.98013201323133,0 66.87899992240557,36.85336895843047,0 66.63412742290092,37.50767939130611,0 66.47930296303034,38.47414539371907,0 66.94936567236474,39.63472886587873,0 68.18004773272821,40.48477474765053,0 69.25756629767975,41.2574571999358,0 70.2896871378604,41.96392726652999,0 71.2949401804691,42.81045676457035,0 71.43487826444732,42.87289528898071,0</coordinates>
          </LineString>
        </Placemark>
        <Placemark>
          <name>Wuwei Lingwu</name>
          <visibility>1</visibility>
          <LineString>
            <tesselate>1</tesselate>
            <coordinates>102.6464982204758,37.97130521562944,0 102.9982389164401,37.71102645662812,0 103.3599471704181,37.63191847689631,0 103.7335407948664,37.57843940481414,0 104.1144550764604,37.54951054741254,0 104.624312829979,37.45713619574217,0 105.1211043433153,37.45694404922234,0 105.5879562357027,37.49811520383256,0 105.8631803932476,37.69728673304827,0 106.1834168448546,37.98669856619449,0</coordinates>
          </LineString>
        </Placemark>
        <Placemark>
          <name>Route</name>
          <visibility>1</visibility>
          <LineString>
            <tesselate>1</tesselate>
            <coordinates>100.4464489257688,39.00278527873056,0 100.41076905603,39.16249163887724,0 100.1819078038417,39.30262355060275,0 99.94107982648498,39.35331685646136,0 99.72418994571763,39.49942663488304,0 99.44689900718191,39.78119916852005,0 99.42066432427707,39.96786090459052,0 99.43955889827531,40.13738802143111,0 99.5905177915745,40.31370492907772,0 99.85949306888392,40.44293155383239,0 99.96772677522515,40.67407992455303,0 100.0542071093237,40.82407918137574,0 100.1642164378627,40.95834491139565,0 100.362879696714,41.14355655455439,0 100.451167683424,41.32391465104779,0 100.4727805790714,41.429577786593,0 100.5168243970181,41.64412466421221,0 100.5533000115298,41.73498970017397,0 100.6763684630216,41.89652473668895,0 100.7073899802246,41.9577817660572,0 100.9146482776411,42.12022689646817,0 101.0181850718206,42.21528786600715,0 101.2728926369577,42.61207218110951,0 101.4185094602754,42.860283965097,0 101.6900425924853,43.25423094906616,0 102.0041263114151,43.68985644687883,0 102.2634792129566,44.08627316619628,0 102.500337036592,44.47613650540014,0 102.684773996943,44.85361105417028,0 102.753939913169,45.44797760132477,0 102.8067086454303,45.94186954502371,0 102.853726556315,46.37041018570363,0 102.7797181128587,46.73740422942024,0 102.648394234011,47.07412405344065,0 102.6342133218123,47.24765476873407,0</coordinates>
          </LineString>
        </Placemark>
        <Placemark>
          <name>Route</name>
          <visibility>1</visibility>
          <LineString>
            <tesselate>1</tesselate>
            <coordinates>94.68835420019462,40.15541292626154,0 94.90423050085323,40.27536295211453,0 95.22354761141945,40.37139948336904,0 95.67056338128113,40.46024426117873,0 95.83660944823794,40.51071650192169,0 96.25318356349811,40.54711546594738,0 96.58636370771585,40.56458369106476,0 96.8822379690838,40.45326555462443,0 97.04323947077387,40.33692082404189,0 97.23251233995931,40.17702767826161,0 97.42718401642591,40.01709920488968,0 97.57231118797459,39.8699847429436,0 97.74495910695499,39.85136153794449,0 97.97293800626466,39.82542846404448,0 98.22829375428756,39.75521386816962,0 98.39624816331198,39.69508202768164,0 98.54375900149535,39.60462080103266,0 98.72463154722655,39.47735625303807,0 98.95606926620677,39.39710893816903,0 99.19349079596235,39.36832321030568,0 99.48309375352652,39.32560780096142,0 99.77911807146261,39.2362078206983,0 100.1311935244853,39.16609803449686,0 100.4235714439857,39.07671415495369,0 100.5586058786687,38.94972723774102,0 100.7444742190544,38.8846387502247,0 101.0933859789008,38.8258263701005,0 101.3690282385816,38.6946153862063,0 101.6662766765039,38.59664853396257,0 101.9173836231256,38.47488642311448,0 102.1870280290129,38.34414819442982,0 102.5196441259867,38.08092385498074,0 102.6963708457346,37.89660865275965,0 102.7527151756466,37.8153779469884,0 102.8996625741891,37.66711139391365,0 103.0101807220167,37.50709952575987,0 103.1957172221017,37.37233252215098,0 103.3996666104032,37.27051393337465,0 103.6557947658366,37.08517372718323,0 103.6448647431262,36.90118711513976,0 103.7084664081983,36.81101082701167,0 103.8399607011397,36.60801059122077,0 103.8142331807925,36.46537875392003,0 103.8204067020058,36.19693784386031,0 103.7916053769264,36.06947246925778,0</coordinates>
          </LineString>
        </Placemark>
        <Placemark>
          <name>Route</name>
          <visibility>1</visibility>
          <LineString>
            <tesselate>1</tesselate>
            <coordinates>76.00560317248517,39.48966460145683,0 76.12616207398844,39.49537776362633,0 76.44675326916428,39.50264280336884,0 76.84894490767238,39.54128381553594,0 77.23601862543896,39.56456346877025,0 77.65819677721933,39.60276317193929,0 78.07048001763553,39.66807846357125,0 78.54116155909,39.76339003334893,0 78.85561288693893,39.95960312328946,0 79.1732608880599,40.16452087991198,0 79.47904253533142,40.40948036600064,0 79.68955641522271,40.60818597620253,0 79.9850176610226,40.82996755512809,0 80.27663297957349,41.11704666838217,0 80.37277737208314,41.1743218280531,0 80.61354079006247,41.33028781066806,0 80.88570888186558,41.40109105783694,0 81.26645085009599,41.45806404702182,0 81.8694982358428,41.49258745495926,0 82.44608444974838,41.55571784060363,0 82.70805222853434,41.62689704238018,0 82.98665610523423,41.71762188078838,0 83.27999606072686,41.78389137671156,0 83.63638041639638,41.7953987271197,0 83.97401525966566,41.85474186426264,0 84.33788936809771,41.93448113721795,0 84.74647652354608,41.97273766245774,0 85.04727338421172,41.97414462992258,0 85.59840064692642,41.93792762238525,0 85.92018842164816,41.86196847723002,0 86.20605542835116,41.7787865419371,0 86.38128636310401,41.88456302520552,0 86.56511270929579,42.06200184647379,0 86.62397958926314,42.14782302365702,0 86.90475547230278,42.31806995857199,0 87.17403053560787,42.50282621325568,0 87.4931755685956,42.6611557582921,0 87.87649154080654,42.77355947860328,0 88.17022911674377,42.80797891171411,0 88.44466306263195,42.82603889292553,0 88.62329777362695,42.81236291254397,0 89.12090043315548,42.96634457224566,0 89.5696673092244,42.92554746114613,0 89.77113472474125,42.81052658655199,0 90.16819488851975,42.93991914290992,0 91.51002273697485,43.0780904742753,0 91.997848414392,43.11022628974683,0 92.38520386142238,43.07275369222892,0 92.81948032857456,43.00488367808767,0 93.47330938195687,42.86234233714911,0 94.35217502397856,42.35578388002709,0 94.6290137049907,41.99068577826552,0 94.75244020684386,41.68182962338825,0 94.87321023403433,41.39910474834306,0 94.84454495432078,41.01697285330737,0 94.75319013340311,40.589390928125,0 94.80658601097949,40.22967205737424,0 94.78607835822629,40.19526693104894,0</coordinates>
          </LineString>
        </Placemark>
        <Placemark>
          <name>Charkhlik&#x3000;Kolra</name>
          <visibility>1</visibility>
          <LineString>
            <tesselate>1</tesselate>
            <coordinates>86.1508638643856,41.74883053808506,0 86.20230527225196,41.60455702745716,0 86.24317854474703,41.43739489896836,0 86.32811858573959,41.22628378447492,0 86.45689147813482,41.11440001164675,0 86.59527933887577,41.04227949104354,0 86.75816947674184,40.95657382312287,0 86.95249476802123,40.85768129486505,0 87.07965067763718,40.79810553152914,0 87.27993492457178,40.70783009302743,0 87.45808729998711,40.69422352229476,0 87.58507468847532,40.6226318376488,0 87.72604323919657,40.57084394358922,0 87.87782417801253,40.48374331478215,0 88.03546206008326,40.42278249169184,0 88.17201075361831,40.36584414708934,0 88.23873390229593,40.22401637726596,0 88.34015455854311,40.13566295729788,0 88.40162584945927,40.04028144216378,0 88.39701777494585,39.92711044069683,0 88.38816992794392,39.80121282922799,0 88.38400343599682,39.69741405690076,0 88.39826847841286,39.59467562847956,0 88.33147018547487,39.4759492852025,0 88.27130304532969,39.41384912235079,0 88.2351597081007,39.28922960363943,0 88.18978273537195,39.19361579114405,0 88.18003759181069,39.08526374771135,0 88.17132312404803,39.01485501456627,0</coordinates>
          </LineString>
        </Placemark>
        <Placemark>
          <name>Route</name>
          <visibility>1</visibility>
          <LineString>
            <tesselate>1</tesselate>
            <coordinates>76.00817866302012,39.48273210894348,0 76.36576328049867,39.36537935839863,0 76.62925083183831,39.25229712045666,0 76.83339562690512,39.15163491471182,0 77.0132222640151,38.93610645310049,0 77.09634564213275,38.75332593641418,0 77.19569227770879,38.59363981404881,0 77.22933280670009,38.48468319313805,0 77.29028789050761,38.36512951189395,0 77.33488192757227,38.13829464212964,0 77.43401186666856,37.88702108567727,0 77.54653777599515,37.82490907964093,0 77.89553009803558,37.8000547953217,0 78.11749053486486,37.68942347055231,0 78.25778477968387,37.61800809054589,0 78.63812783820356,37.45150901250317,0 79.00969423709532,37.3165651609868,0 79.29494864543042,37.28910394498944,0 79.66229989125739,37.16075327666328,0 79.9610324205177,37.01910224901578,0 80.25826601243378,37.03743726275216,0 80.58262260267982,37.01071010484569,0 80.8177818300471,36.94623954110671,0 81.24023005985163,36.88302519347531,0 81.51525973376212,36.864400422306,0 81.72060393131449,36.83199214048374,0 81.86552983301759,36.85312026200106,0 82.19614129804423,36.92406003299328,0 82.48151191810983,36.94842758942197,0 82.74500667446344,37.01668446077336,0 82.87730597252372,37.05357338212487,0 83.11480959818405,37.14920833711896,0 83.30504219921085,37.2500451110649,0 83.51853654852016,37.35737286282379,0 83.69130663107001,37.46443159281372,0 83.93144065149289,37.58519004563251,0 84.19649991349905,37.70702883686339,0 84.44950281360548,37.81152316562987,0 84.75689011534018,37.91128940182889,0 85.09054754752827,38.01175160758838,0 85.37684583230791,38.04510292482915,0 85.53998093313254,38.10140507827733,0 86.02030018126601,38.31480967105335,0 86.24337743703134,38.42878012397006,0 86.57785556425249,38.53809507601516,0 86.92196345044928,38.58433175766461,0 87.2001758527496,38.63672859315177,0 87.37592371010592,38.64366000123579,0 87.46290834687953,38.71489328673537,0 87.64133678435687,38.79943746176668,0 87.94415729021034,38.91793320680699,0 88.09137530775902,38.98432999490093,0 88.29468614848349,39.07109443362615,0 88.6838216207149,39.1580949888364,0 88.90054943259061,39.23911299880707,0 88.98764291804679,39.24604372364304,0 89.91009779994778,39.5804052835898,0 90.46808042554777,39.70692836152288,0 90.89147577600511,39.90075209859423,0 91.43070869083607,40.05736335305363,0 92.09898539058916,40.19095819442599,0 92.88296688552126,40.31271208133924,0 93.44936904068247,40.40457913900854,0 94.14690236993891,40.38631746433325,0 94.27163661214436,40.34850608508552,0 94.59253077446388,40.24412285904535,0 94.68933445367112,40.21973679983777,0</coordinates>
          </LineString>
        </Placemark>
        <Placemark>
          <name>Luoyang </name>
          <visibility>1</visibility>
          <LineString>
            <tesselate>1</tesselate>
            <coordinates>103.7773354773449,36.06442326090492,0 103.9531526682865,36.04197110715636,0 104.0824395173052,35.99747632369567,0 104.1930173230687,35.88925002291129,0 104.2708551714282,35.745768882037,0 104.28277780549,35.66695439202962,0 104.4786860035816,35.6605610668118,0 104.5729654301614,35.56719205476134,0 104.6120093038654,35.40844362976213,0 104.6423549400667,35.29919730668322,0 104.6862614329709,35.10310035463518,0 104.710449079905,34.95871436047013,0 104.7851078006035,34.78108170456695,0 104.9665702043856,34.74227979217697,0 105.1522254196651,34.76339313505225,0 105.3877343141621,34.73362945228575,0 105.5679455380731,34.69774818791787,0 105.6900754937839,34.58755729634656,0 105.94442988816,34.54296106716931,0 106.1657577215448,34.56456240281611,0 106.3809858133117,34.53315297249279,0 106.5992051519779,34.41191707133764,0 106.8326594392471,34.3909965528389,0 106.9905785280337,34.40399112518715,0 107.1652965697854,34.37240498351798,0 107.3272662855985,34.35120077349946,0 107.5390869886303,34.33783539977604,0 107.7069882190828,34.31674217848823,0 107.8564302595588,34.28415589938891,0 108.0724796084993,34.2826108748983,0 108.3431126800938,34.28362424935293,0 108.5482982268366,34.31352115801802,0 108.7103287161621,34.34966096089694,0 109.0040592618781,34.29082078747646,0 109.106036917236,34.33231343946522,0 109.3110533130032,34.39225999110094,0 109.5469548122232,34.43670805173418,0 109.756676347553,34.47364427154255,0 110.0296288463597,34.50950925773533,0 110.3061184592916,34.50907171139843,0 110.6264192372209,34.56609073359688,0 110.9059867538726,34.5322130839893,0 111.0488700465168,34.6129114624009,0 111.2325175482369,34.7118379143507,0 111.4631375172369,34.69284938701492,0 111.7363933716315,34.72756349797775,0 112.017944618374,34.72348079131358,0 112.4551346074772,34.65209540981088,0</coordinates>
          </LineString>
        </Placemark>
        <Placemark>
          <name>Tehran Ankara</name>
          <visibility>1</visibility>
          <LineString>
            <tesselate>1</tesselate>
            <coordinates>29.10946749727614,41.04066747890403,0 30.07131080722273,41.09569407906579,0 30.84715860717122,40.86029265031204,0 31.4465955170174,40.56867455282448,0 32.76822947833639,40.02662282448329,0 33.38827518743855,39.59677069268188,0 34.51397008050626,39.15753794813891,0 35.45745032366474,38.98240202990295,0 36.51009831174428,39.27732026375408,0 37.92133684018521,39.57355765532192,0 39.83082936573754,39.93667908390644,0 41.02090268207391,39.94637161293936,0 43.52452762619666,40.00393308319435,0 44.44075245234581,39.86799981252254,0 46.37488464002187,38.14378457229668,0 47.28173069968022,37.56161312523258,0 48.51808591205949,36.87842292817561,0 50.52984335014253,36.10851424679531,0 51.467226790648,35.73168527217978,0</coordinates>
          </LineString>
        </Placemark>
        <Placemark>
          <name>Bamiyan Kabul</name>
          <visibility>1</visibility>
          <LineString>
            <tesselate>1</tesselate>
            <coordinates>67.82905002754447,34.83515908073505,0 67.82462432391222,34.83408125159374,0 67.87792687679749,34.8248847741901,0 67.92628930219149,34.82592049423825,0 67.98165029729461,34.82919173493891,0 67.99858637513901,34.75813807862799,0 68.014141492709,34.6980489743343,0 68.06226425416315,34.66778363932509,0 68.11518598322272,34.64260871325794,0 68.15251319055096,34.59931044324038,0 68.22153416544924,34.54008350867693,0 68.31513286045842,34.47460169952517,0 68.39120875569864,34.44808833626423,0 68.49540041710381,34.43581562867831,0 68.61066434441111,34.45862986344681,0 68.72111884492318,34.46522529266005,0 68.83037895429519,34.42389280204598,0 68.88868067104033,34.43596763541688,0 68.97101064126026,34.49256150970544,0 69.06288593546026,34.51917711654932,0 69.14728115417836,34.5208843928398,0 69.18706233110828,34.53216266439151,0</coordinates>
          </LineString>
        </Placemark>
      </Folder>
    </Folder>
  </Document>
</kml>
